op_name,category,has_xpu_impl,triton_coverage_status,dispatch_keys,tags,notes
native_dropout_backward,pointwise,False,likely_yes,"[""CPU, NestedTensorCPU, NestedTensorHPU, NestedTensorCUDA"", ""CUDA"", ""MPS""]","[""pointwise""]",Pointwise op likely handled by Inductor's generic pointwise path with Triton on CUDA. Inductor handles pointwise ops generically and uses Triton for GPU codegen. Most pointwise ops are likely covered.
abs,pointwise,False,likely_yes,"[""CompositeExplicitAutograd"", ""SparseCPU, SparseCUDA, SparseMPS"", ""SparseCsrCPU, SparseCsrCUDA, SparseCsrMPS, SparseCsrMeta"", ""NestedTensorCPU, NestedTensorHPU, NestedTensorCUDA""]","[""core"", ""pointwise""]",Pointwise op likely handled by Inductor's generic pointwise path with Triton on CUDA. Inductor handles pointwise ops generically and uses Triton for GPU codegen. Most pointwise ops are likely covered.
abs.out,pointwise,False,likely_yes,"[""CPU, CUDA, MPS, MTIA"", ""SparseCPU, SparseCUDA, SparseMPS"", ""SparseCsrCPU, SparseCsrCUDA, SparseCsrMPS, SparseCsrMeta""]","[""pointwise""]",Pointwise op likely handled by Inductor's generic pointwise path with Triton on CUDA. Inductor handles pointwise ops generically and uses Triton for GPU codegen. Most pointwise ops are likely covered.
angle,pointwise,False,likely_yes,"[""CPU, CUDA, MPS"", ""SparseCsrCPU, SparseCsrCUDA, SparseCsrMeta""]","[""pointwise""]",Pointwise op likely handled by Inductor's generic pointwise path with Triton on CUDA. Inductor handles pointwise ops generically and uses Triton for GPU codegen. Most pointwise ops are likely covered.
angle.out,pointwise,False,likely_yes,"[""CPU, CUDA, MPS"", ""SparseCsrCPU, SparseCsrCUDA, SparseCsrMeta""]","[""pointwise""]",Pointwise op likely handled by Inductor's generic pointwise path with Triton on CUDA. Inductor handles pointwise ops generically and uses Triton for GPU codegen. Most pointwise ops are likely covered.
sgn,pointwise,False,likely_yes,"[""SparseCPU, SparseCUDA, SparseMPS"", ""SparseCsrCPU, SparseCsrCUDA, SparseCsrMeta"", ""NestedTensorCPU, NestedTensorHPU, NestedTensorCUDA""]","[""pointwise""]",Pointwise op likely handled by Inductor's generic pointwise path with Triton on CUDA. Inductor handles pointwise ops generically and uses Triton for GPU codegen. Most pointwise ops are likely covered.
sgn_,pointwise,False,likely_yes,"[""SparseCPU, SparseCUDA, SparseMPS"", ""SparseCsrCPU, SparseCsrCUDA, SparseCsrMeta"", ""NestedTensorCPU, NestedTensorHPU, NestedTensorCUDA""]","[""pointwise""]",Pointwise op likely handled by Inductor's generic pointwise path with Triton on CUDA. Inductor handles pointwise ops generically and uses Triton for GPU codegen. Most pointwise ops are likely covered.
sgn.out,pointwise,False,likely_yes,"[""CPU, CUDA"", ""MPS"", ""SparseCPU, SparseCUDA, SparseMPS"", ""SparseCsrCPU, SparseCsrCUDA, SparseCsrMeta""]","[""pointwise""]",Pointwise op likely handled by Inductor's generic pointwise path with Triton on CUDA. Inductor handles pointwise ops generically and uses Triton for GPU codegen. Most pointwise ops are likely covered.
conj_physical,pointwise,False,likely_yes,[],"[""pointwise"", ""maybe_aliasing_or_mutating""]",Pointwise op likely handled by Inductor's generic pointwise path with Triton on CUDA. Inductor handles pointwise ops generically and uses Triton for GPU codegen. Most pointwise ops are likely covered.
conj_physical.out,pointwise,False,likely_yes,"[""CPU, CUDA"", ""MPS"", ""SparseCPU, SparseCUDA, SparseMPS"", ""SparseCsrCPU, SparseCsrCUDA, SparseCsrMPS, SparseCsrMeta""]","[""pointwise""]",Pointwise op likely handled by Inductor's generic pointwise path with Triton on CUDA. Inductor handles pointwise ops generically and uses Triton for GPU codegen. Most pointwise ops are likely covered.
conj_physical_,pointwise,False,likely_yes,"[""CompositeExplicitAutograd"", ""SparseCsrCPU, SparseCsrCUDA, SparseCsrMeta""]","[""pointwise""]",Pointwise op likely handled by Inductor's generic pointwise path with Triton on CUDA. Inductor handles pointwise ops generically and uses Triton for GPU codegen. Most pointwise ops are likely covered.
acos,pointwise,False,likely_yes,[],"[""core"", ""pointwise""]",Pointwise op likely handled by Inductor's generic pointwise path with Triton on CUDA. Inductor handles pointwise ops generically and uses Triton for GPU codegen. Most pointwise ops are likely covered.
acos_,pointwise,False,likely_yes,[],"[""pointwise""]",Pointwise op likely handled by Inductor's generic pointwise path with Triton on CUDA. Inductor handles pointwise ops generically and uses Triton for GPU codegen. Most pointwise ops are likely covered.
acos.out,pointwise,False,likely_yes,"[""CPU, CUDA, MPS""]","[""pointwise""]",Pointwise op likely handled by Inductor's generic pointwise path with Triton on CUDA. Inductor handles pointwise ops generically and uses Triton for GPU codegen. Most pointwise ops are likely covered.
add.Tensor,pointwise,False,likely_yes,"[""SparseCPU, SparseCUDA, SparseMPS, SparseMeta"", ""SparseCsrCPU, SparseCsrCUDA, SparseCsrMeta"", ""MkldnnCPU"", ""ZeroTensor"", ""NestedTensorCPU, NestedTensorHPU, NestedTensorCUDA""]","[""core"", ""pointwise""]",Pointwise op likely handled by Inductor's generic pointwise path with Triton on CUDA. Inductor handles pointwise ops generically and uses Triton for GPU codegen. Most pointwise ops are likely covered.
add_.Tensor,pointwise,False,likely_yes,"[""SparseCPU, SparseCUDA, SparseMPS, SparseMeta"", ""SparseCsrCPU, SparseCsrCUDA, SparseCsrMeta"", ""MkldnnCPU"", ""NestedTensorCPU, NestedTensorHPU, NestedTensorCUDA""]","[""pointwise""]",Pointwise op likely handled by Inductor's generic pointwise path with Triton on CUDA. Inductor handles pointwise ops generically and uses Triton for GPU codegen. Most pointwise ops are likely covered.
add.out,pointwise,False,likely_yes,"[""SparseCPU, SparseMeta"", ""SparseCUDA"", ""SparseMPS"", ""SparseCsrCPU, SparseCsrMeta"", ""SparseCsrCUDA"", ""MkldnnCPU"", ""MPS"", ""MTIA""]","[""pointwise""]",Pointwise op likely handled by Inductor's generic pointwise path with Triton on CUDA. Inductor handles pointwise ops generically and uses Triton for GPU codegen. Most pointwise ops are likely covered.
add.Scalar,pointwise,False,likely_yes,"[""CompositeExplicitAutograd""]","[""core"", ""pointwise""]",Pointwise op likely handled by Inductor's generic pointwise path with Triton on CUDA. Inductor handles pointwise ops generically and uses Triton for GPU codegen. Most pointwise ops are likely covered.
add_.Scalar,pointwise,False,likely_yes,"[""CompositeExplicitAutograd""]","[""pointwise""]",Pointwise op likely handled by Inductor's generic pointwise path with Triton on CUDA. Inductor handles pointwise ops generically and uses Triton for GPU codegen. Most pointwise ops are likely covered.
all.dim,reduction,False,likely_yes,"[""NestedTensorCPU, NestedTensorHPU, NestedTensorCUDA""]","[""reduction""]",Reduction op likely handled by Inductor's reduction path with Triton on CUDA. Inductor handles reduction ops and uses Triton for GPU codegen. Many reduction ops are likely covered.
all.dims,reduction,False,likely_yes,"[""CompositeExplicitAutograd""]","[""reduction""]",Reduction op likely handled by Inductor's reduction path with Triton on CUDA. Inductor handles reduction ops and uses Triton for GPU codegen. Many reduction ops are likely covered.
all.out,reduction,False,likely_yes,"[""CPU, CUDA"", ""MPS"", ""MTIA""]","[""reduction""]",Reduction op likely handled by Inductor's reduction path with Triton on CUDA. Inductor handles reduction ops and uses Triton for GPU codegen. Many reduction ops are likely covered.
all.dims_out,reduction,False,likely_yes,"[""CPU, CUDA"", ""CompositeExplicitAutograd""]","[""reduction""]",Reduction op likely handled by Inductor's reduction path with Triton on CUDA. Inductor handles reduction ops and uses Triton for GPU codegen. Many reduction ops are likely covered.
all.dimname,reduction,False,likely_yes,[],"[""reduction""]",Reduction op likely handled by Inductor's reduction path with Triton on CUDA. Inductor handles reduction ops and uses Triton for GPU codegen. Many reduction ops are likely covered.
all.dimname_out,reduction,False,likely_yes,[],"[""reduction""]",Reduction op likely handled by Inductor's reduction path with Triton on CUDA. Inductor handles reduction ops and uses Triton for GPU codegen. Many reduction ops are likely covered.
any.dim,reduction,False,yes,[],"[""core"", ""reduction""]",Op any.dim has explicit lowering in Inductor's lowering table.
any.dims,reduction,False,yes,"[""CompositeExplicitAutograd""]","[""core"", ""reduction""]",Op any.dims has explicit lowering in Inductor's lowering table.
any.out,reduction,False,yes,"[""CPU, CUDA"", ""MPS""]","[""reduction""]",Op any.out has explicit lowering in Inductor's lowering table.
any.dims_out,reduction,False,yes,"[""CPU, CUDA"", ""CompositeExplicitAutograd""]","[""reduction""]",Op any.dims_out has explicit lowering in Inductor's lowering table.
any.dimname,reduction,False,yes,[],"[""reduction""]",Op any.dimname has explicit lowering in Inductor's lowering table.
any.dimname_out,reduction,False,yes,[],"[""reduction""]",Op any.dimname_out has explicit lowering in Inductor's lowering table.
argmax,reduction,False,yes,[],"[""core"", ""reduction""]",Op argmax has explicit lowering in Inductor's lowering table.
argmax.out,reduction,False,yes,"[""CPU, CUDA"", ""MPS""]","[""reduction""]",Op argmax.out has explicit lowering in Inductor's lowering table.
argmin,reduction,False,yes,[],"[""core"", ""reduction""]",Op argmin has explicit lowering in Inductor's lowering table.
argmin.out,reduction,False,yes,"[""CPU, CUDA"", ""MPS""]","[""reduction""]",Op argmin.out has explicit lowering in Inductor's lowering table.
acosh,pointwise,False,likely_yes,[],"[""core"", ""pointwise""]",Pointwise op likely handled by Inductor's generic pointwise path with Triton on CUDA. Inductor handles pointwise ops generically and uses Triton for GPU codegen. Most pointwise ops are likely covered.
acosh_,pointwise,False,likely_yes,[],"[""pointwise""]",Pointwise op likely handled by Inductor's generic pointwise path with Triton on CUDA. Inductor handles pointwise ops generically and uses Triton for GPU codegen. Most pointwise ops are likely covered.
acosh.out,pointwise,False,likely_yes,"[""CPU, CUDA"", ""MPS""]","[""pointwise""]",Pointwise op likely handled by Inductor's generic pointwise path with Triton on CUDA. Inductor handles pointwise ops generically and uses Triton for GPU codegen. Most pointwise ops are likely covered.
asinh,pointwise,False,likely_yes,"[""SparseCPU, SparseCUDA, SparseMPS"", ""SparseCsrCPU, SparseCsrCUDA, SparseCsrMeta""]","[""core"", ""pointwise""]",Pointwise op likely handled by Inductor's generic pointwise path with Triton on CUDA. Inductor handles pointwise ops generically and uses Triton for GPU codegen. Most pointwise ops are likely covered.
asinh_,pointwise,False,likely_yes,"[""SparseCPU, SparseCUDA, SparseMPS"", ""SparseCsrCPU, SparseCsrCUDA, SparseCsrMeta""]","[""pointwise""]",Pointwise op likely handled by Inductor's generic pointwise path with Triton on CUDA. Inductor handles pointwise ops generically and uses Triton for GPU codegen. Most pointwise ops are likely covered.
asinh.out,pointwise,False,likely_yes,"[""CPU, CUDA"", ""MPS"", ""SparseCPU, SparseCUDA, SparseMPS"", ""SparseCsrCPU, SparseCsrCUDA, SparseCsrMeta""]","[""pointwise""]",Pointwise op likely handled by Inductor's generic pointwise path with Triton on CUDA. Inductor handles pointwise ops generically and uses Triton for GPU codegen. Most pointwise ops are likely covered.
atanh,pointwise,False,likely_yes,"[""SparseCPU, SparseCUDA, SparseMPS"", ""SparseCsrCPU, SparseCsrCUDA, SparseCsrMeta""]","[""core"", ""pointwise""]",Pointwise op likely handled by Inductor's generic pointwise path with Triton on CUDA. Inductor handles pointwise ops generically and uses Triton for GPU codegen. Most pointwise ops are likely covered.
atanh_,pointwise,False,likely_yes,"[""SparseCPU, SparseCUDA, SparseMPS"", ""SparseCsrCPU, SparseCsrCUDA, SparseCsrMeta""]","[""pointwise""]",Pointwise op likely handled by Inductor's generic pointwise path with Triton on CUDA. Inductor handles pointwise ops generically and uses Triton for GPU codegen. Most pointwise ops are likely covered.
atanh.out,pointwise,False,likely_yes,"[""CPU, CUDA"", ""MPS"", ""SparseCPU, SparseCUDA, SparseMPS"", ""SparseCsrCPU, SparseCsrCUDA, SparseCsrMeta""]","[""pointwise""]",Pointwise op likely handled by Inductor's generic pointwise path with Triton on CUDA. Inductor handles pointwise ops generically and uses Triton for GPU codegen. Most pointwise ops are likely covered.
asin,pointwise,False,likely_yes,"[""SparseCPU, SparseCUDA, SparseMPS"", ""SparseCsrCPU, SparseCsrCUDA, SparseCsrMeta""]","[""core"", ""pointwise""]",Pointwise op likely handled by Inductor's generic pointwise path with Triton on CUDA. Inductor handles pointwise ops generically and uses Triton for GPU codegen. Most pointwise ops are likely covered.
asin_,pointwise,False,likely_yes,"[""SparseCPU, SparseCUDA, SparseMPS"", ""SparseCsrCPU, SparseCsrCUDA, SparseCsrMeta""]","[""pointwise""]",Pointwise op likely handled by Inductor's generic pointwise path with Triton on CUDA. Inductor handles pointwise ops generically and uses Triton for GPU codegen. Most pointwise ops are likely covered.
asin.out,pointwise,False,likely_yes,"[""CPU, CUDA, MPS"", ""SparseCPU, SparseCUDA, SparseMPS"", ""SparseCsrCPU, SparseCsrCUDA, SparseCsrMeta""]","[""pointwise""]",Pointwise op likely handled by Inductor's generic pointwise path with Triton on CUDA. Inductor handles pointwise ops generically and uses Triton for GPU codegen. Most pointwise ops are likely covered.
atan,pointwise,False,likely_yes,"[""SparseCPU, SparseCUDA, SparseMPS"", ""SparseCsrCPU, SparseCsrCUDA, SparseCsrMeta""]","[""core"", ""pointwise""]",Pointwise op likely handled by Inductor's generic pointwise path with Triton on CUDA. Inductor handles pointwise ops generically and uses Triton for GPU codegen. Most pointwise ops are likely covered.
atan_,pointwise,False,likely_yes,"[""SparseCPU, SparseCUDA, SparseMPS"", ""SparseCsrCPU, SparseCsrCUDA, SparseCsrMeta""]","[""pointwise""]",Pointwise op likely handled by Inductor's generic pointwise path with Triton on CUDA. Inductor handles pointwise ops generically and uses Triton for GPU codegen. Most pointwise ops are likely covered.
atan.out,pointwise,False,likely_yes,"[""CPU, CUDA, MPS"", ""SparseCPU, SparseCUDA, SparseMPS"", ""SparseCsrCPU, SparseCsrCUDA, SparseCsrMeta""]","[""pointwise""]",Pointwise op likely handled by Inductor's generic pointwise path with Triton on CUDA. Inductor handles pointwise ops generically and uses Triton for GPU codegen. Most pointwise ops are likely covered.
bitwise_not,pointwise,False,likely_yes,[],"[""core"", ""pointwise""]",Pointwise op likely handled by Inductor's generic pointwise path with Triton on CUDA. Inductor handles pointwise ops generically and uses Triton for GPU codegen. Most pointwise ops are likely covered.
bitwise_not_,pointwise,False,likely_yes,[],"[""pointwise""]",Pointwise op likely handled by Inductor's generic pointwise path with Triton on CUDA. Inductor handles pointwise ops generically and uses Triton for GPU codegen. Most pointwise ops are likely covered.
bitwise_not.out,pointwise,False,likely_yes,"[""CPU, CUDA, MPS, MTIA""]","[""pointwise""]",Pointwise op likely handled by Inductor's generic pointwise path with Triton on CUDA. Inductor handles pointwise ops generically and uses Triton for GPU codegen. Most pointwise ops are likely covered.
copysign.out,pointwise,False,likely_yes,"[""CPU, CUDA, MPS""]","[""pointwise""]",Pointwise op likely handled by Inductor's generic pointwise path with Triton on CUDA. Inductor handles pointwise ops generically and uses Triton for GPU codegen. Most pointwise ops are likely covered.
copysign.Tensor,pointwise,False,likely_yes,[],"[""pointwise""]",Pointwise op likely handled by Inductor's generic pointwise path with Triton on CUDA. Inductor handles pointwise ops generically and uses Triton for GPU codegen. Most pointwise ops are likely covered.
copysign.Scalar,pointwise,False,likely_yes,"[""CompositeExplicitAutograd""]","[""pointwise""]",Pointwise op likely handled by Inductor's generic pointwise path with Triton on CUDA. Inductor handles pointwise ops generically and uses Triton for GPU codegen. Most pointwise ops are likely covered.
copysign.Scalar_out,pointwise,False,likely_yes,"[""CompositeExplicitAutograd""]","[""pointwise""]",Pointwise op likely handled by Inductor's generic pointwise path with Triton on CUDA. Inductor handles pointwise ops generically and uses Triton for GPU codegen. Most pointwise ops are likely covered.
logical_not,pointwise,False,likely_yes,"[""CompositeExplicitAutograd"", ""NestedTensorCPU, NestedTensorHPU, NestedTensorCUDA""]","[""core"", ""pointwise""]",Pointwise op likely handled by Inductor's generic pointwise path with Triton on CUDA. Inductor handles pointwise ops generically and uses Triton for GPU codegen. Most pointwise ops are likely covered.
logical_not_,pointwise,False,likely_yes,"[""CompositeExplicitAutograd"", ""NestedTensorCPU, NestedTensorHPU, NestedTensorCUDA""]","[""pointwise""]",Pointwise op likely handled by Inductor's generic pointwise path with Triton on CUDA. Inductor handles pointwise ops generically and uses Triton for GPU codegen. Most pointwise ops are likely covered.
logical_not.out,pointwise,False,likely_yes,"[""CPU, CUDA, MTIA"", ""MPS""]","[""pointwise""]",Pointwise op likely handled by Inductor's generic pointwise path with Triton on CUDA. Inductor handles pointwise ops generically and uses Triton for GPU codegen. Most pointwise ops are likely covered.
logical_xor,pointwise,False,likely_yes,"[""CompositeExplicitAutograd""]","[""core"", ""pointwise""]",Pointwise op likely handled by Inductor's generic pointwise path with Triton on CUDA. Inductor handles pointwise ops generically and uses Triton for GPU codegen. Most pointwise ops are likely covered.
logical_xor_,pointwise,False,likely_yes,"[""CompositeExplicitAutograd""]","[""pointwise""]",Pointwise op likely handled by Inductor's generic pointwise path with Triton on CUDA. Inductor handles pointwise ops generically and uses Triton for GPU codegen. Most pointwise ops are likely covered.
logical_xor.out,pointwise,False,likely_yes,"[""CPU, CUDA"", ""MPS""]","[""pointwise""]",Pointwise op likely handled by Inductor's generic pointwise path with Triton on CUDA. Inductor handles pointwise ops generically and uses Triton for GPU codegen. Most pointwise ops are likely covered.
logical_and,pointwise,False,likely_yes,"[""CompositeExplicitAutograd""]","[""core"", ""pointwise""]",Pointwise op likely handled by Inductor's generic pointwise path with Triton on CUDA. Inductor handles pointwise ops generically and uses Triton for GPU codegen. Most pointwise ops are likely covered.
logical_and_,pointwise,False,likely_yes,"[""CompositeExplicitAutograd""]","[""pointwise""]",Pointwise op likely handled by Inductor's generic pointwise path with Triton on CUDA. Inductor handles pointwise ops generically and uses Triton for GPU codegen. Most pointwise ops are likely covered.
logical_and.out,pointwise,False,likely_yes,"[""CPU, CUDA, MTIA"", ""MPS""]","[""pointwise""]",Pointwise op likely handled by Inductor's generic pointwise path with Triton on CUDA. Inductor handles pointwise ops generically and uses Triton for GPU codegen. Most pointwise ops are likely covered.
logical_or,pointwise,False,likely_yes,"[""CompositeExplicitAutograd""]","[""core"", ""pointwise""]",Pointwise op likely handled by Inductor's generic pointwise path with Triton on CUDA. Inductor handles pointwise ops generically and uses Triton for GPU codegen. Most pointwise ops are likely covered.
logical_or_,pointwise,False,likely_yes,"[""CompositeExplicitAutograd""]","[""pointwise""]",Pointwise op likely handled by Inductor's generic pointwise path with Triton on CUDA. Inductor handles pointwise ops generically and uses Triton for GPU codegen. Most pointwise ops are likely covered.
logical_or.out,pointwise,False,likely_yes,"[""CPU, CUDA, MTIA"", ""MPS""]","[""pointwise""]",Pointwise op likely handled by Inductor's generic pointwise path with Triton on CUDA. Inductor handles pointwise ops generically and uses Triton for GPU codegen. Most pointwise ops are likely covered.
ceil,pointwise,False,yes,"[""SparseCPU, SparseCUDA, SparseMPS"", ""SparseCsrCPU, SparseCsrCUDA, SparseCsrMeta""]","[""core"", ""pointwise""]",Op ceil has explicit lowering in Inductor's lowering table.
ceil_,pointwise,False,likely_yes,"[""SparseCPU, SparseCUDA, SparseMPS"", ""SparseCsrCPU, SparseCsrCUDA, SparseCsrMeta""]","[""pointwise""]",Pointwise op likely handled by Inductor's generic pointwise path with Triton on CUDA. Inductor handles pointwise ops generically and uses Triton for GPU codegen. Most pointwise ops are likely covered.
ceil.out,pointwise,False,yes,"[""CPU, CUDA, MPS"", ""SparseCPU, SparseCUDA, SparseMPS"", ""SparseCsrCPU, SparseCsrCUDA, SparseCsrMeta""]","[""pointwise""]",Op ceil.out has explicit lowering in Inductor's lowering table.
clamp,pointwise,False,likely_yes,"[""QuantizedCPU""]","[""core"", ""pointwise""]",Pointwise op likely handled by Inductor's generic pointwise path with Triton on CUDA. Inductor handles pointwise ops generically and uses Triton for GPU codegen. Most pointwise ops are likely covered.
clamp.Tensor,pointwise,False,likely_yes,[],"[""core"", ""pointwise""]",Pointwise op likely handled by Inductor's generic pointwise path with Triton on CUDA. Inductor handles pointwise ops generically and uses Triton for GPU codegen. Most pointwise ops are likely covered.
clamp_,pointwise,False,likely_yes,[],"[""pointwise""]",Pointwise op likely handled by Inductor's generic pointwise path with Triton on CUDA. Inductor handles pointwise ops generically and uses Triton for GPU codegen. Most pointwise ops are likely covered.
clamp_.Tensor,pointwise,False,likely_yes,[],"[""pointwise""]",Pointwise op likely handled by Inductor's generic pointwise path with Triton on CUDA. Inductor handles pointwise ops generically and uses Triton for GPU codegen. Most pointwise ops are likely covered.
clamp.out,pointwise,False,likely_yes,"[""CPU, CUDA, MTIA, MPS""]","[""pointwise""]",Pointwise op likely handled by Inductor's generic pointwise path with Triton on CUDA. Inductor handles pointwise ops generically and uses Triton for GPU codegen. Most pointwise ops are likely covered.
clamp.Tensor_out,pointwise,False,likely_yes,"[""CPU, CUDA, MPS""]","[""pointwise""]",Pointwise op likely handled by Inductor's generic pointwise path with Triton on CUDA. Inductor handles pointwise ops generically and uses Triton for GPU codegen. Most pointwise ops are likely covered.
clamp_max,pointwise,False,yes,[],"[""pointwise""]",Op clamp_max has explicit lowering in Inductor's lowering table.
clamp_max.Tensor,pointwise,False,yes,[],"[""pointwise""]",Op clamp_max.Tensor has explicit lowering in Inductor's lowering table.
clamp_max_,pointwise,False,likely_yes,[],"[""pointwise""]",Pointwise op likely handled by Inductor's generic pointwise path with Triton on CUDA. Inductor handles pointwise ops generically and uses Triton for GPU codegen. Most pointwise ops are likely covered.
clamp_max_.Tensor,pointwise,False,likely_yes,[],"[""pointwise""]",Pointwise op likely handled by Inductor's generic pointwise path with Triton on CUDA. Inductor handles pointwise ops generically and uses Triton for GPU codegen. Most pointwise ops are likely covered.
clamp_max.out,pointwise,False,yes,"[""CPU, CUDA, MTIA, MPS""]","[""pointwise""]",Op clamp_max.out has explicit lowering in Inductor's lowering table.
clamp_max.Tensor_out,pointwise,False,yes,"[""CPU, CUDA, MPS""]","[""pointwise""]",Op clamp_max.Tensor_out has explicit lowering in Inductor's lowering table.
clamp_min,pointwise,False,yes,[],"[""pointwise""]",Op clamp_min has explicit lowering in Inductor's lowering table.
clamp_min.Tensor,pointwise,False,yes,[],"[""pointwise""]",Op clamp_min.Tensor has explicit lowering in Inductor's lowering table.
clamp_min_,pointwise,False,likely_yes,[],"[""pointwise""]",Pointwise op likely handled by Inductor's generic pointwise path with Triton on CUDA. Inductor handles pointwise ops generically and uses Triton for GPU codegen. Most pointwise ops are likely covered.
clamp_min_.Tensor,pointwise,False,likely_yes,[],"[""pointwise""]",Pointwise op likely handled by Inductor's generic pointwise path with Triton on CUDA. Inductor handles pointwise ops generically and uses Triton for GPU codegen. Most pointwise ops are likely covered.
clamp_min.out,pointwise,False,yes,"[""CPU, CUDA, MTIA, MPS""]","[""pointwise""]",Op clamp_min.out has explicit lowering in Inductor's lowering table.
clamp_min.Tensor_out,pointwise,False,yes,"[""CPU, CUDA, MPS""]","[""pointwise""]",Op clamp_min.Tensor_out has explicit lowering in Inductor's lowering table.
clip,pointwise,False,likely_yes,[],"[""pointwise""]",Pointwise op likely handled by Inductor's generic pointwise path with Triton on CUDA. Inductor handles pointwise ops generically and uses Triton for GPU codegen. Most pointwise ops are likely covered.
clip.Tensor,pointwise,False,likely_yes,[],"[""pointwise""]",Pointwise op likely handled by Inductor's generic pointwise path with Triton on CUDA. Inductor handles pointwise ops generically and uses Triton for GPU codegen. Most pointwise ops are likely covered.
clip_,pointwise,False,likely_yes,[],"[""pointwise""]",Pointwise op likely handled by Inductor's generic pointwise path with Triton on CUDA. Inductor handles pointwise ops generically and uses Triton for GPU codegen. Most pointwise ops are likely covered.
clip_.Tensor,pointwise,False,likely_yes,[],"[""pointwise""]",Pointwise op likely handled by Inductor's generic pointwise path with Triton on CUDA. Inductor handles pointwise ops generically and uses Triton for GPU codegen. Most pointwise ops are likely covered.
clip.out,pointwise,False,likely_yes,[],"[""pointwise""]",Pointwise op likely handled by Inductor's generic pointwise path with Triton on CUDA. Inductor handles pointwise ops generically and uses Triton for GPU codegen. Most pointwise ops are likely covered.
cos,pointwise,False,likely_yes,"[""NestedTensorCPU, NestedTensorHPU, NestedTensorCUDA""]","[""core"", ""pointwise""]",Pointwise op likely handled by Inductor's generic pointwise path with Triton on CUDA. Inductor handles pointwise ops generically and uses Triton for GPU codegen. Most pointwise ops are likely covered.
cos_,pointwise,False,likely_yes,[],"[""pointwise""]",Pointwise op likely handled by Inductor's generic pointwise path with Triton on CUDA. Inductor handles pointwise ops generically and uses Triton for GPU codegen. Most pointwise ops are likely covered.
cos.out,pointwise,False,likely_yes,"[""CPU, CUDA, MPS, MTIA""]","[""pointwise""]",Pointwise op likely handled by Inductor's generic pointwise path with Triton on CUDA. Inductor handles pointwise ops generically and uses Triton for GPU codegen. Most pointwise ops are likely covered.
cosh,pointwise,False,likely_yes,[],"[""core"", ""pointwise""]",Pointwise op likely handled by Inductor's generic pointwise path with Triton on CUDA. Inductor handles pointwise ops generically and uses Triton for GPU codegen. Most pointwise ops are likely covered.
cosh_,pointwise,False,likely_yes,[],"[""pointwise""]",Pointwise op likely handled by Inductor's generic pointwise path with Triton on CUDA. Inductor handles pointwise ops generically and uses Triton for GPU codegen. Most pointwise ops are likely covered.
cosh.out,pointwise,False,likely_yes,"[""CPU, CUDA, MPS""]","[""pointwise""]",Pointwise op likely handled by Inductor's generic pointwise path with Triton on CUDA. Inductor handles pointwise ops generically and uses Triton for GPU codegen. Most pointwise ops are likely covered.
count_nonzero.dim_IntList,reduction,False,likely_yes,"[""CPU"", ""CUDA"", ""MPS""]","[""reduction""]",Reduction op likely handled by Inductor's reduction path with Triton on CUDA. Inductor handles reduction ops and uses Triton for GPU codegen. Many reduction ops are likely covered.
count_nonzero,reduction,False,likely_yes,"[""CompositeExplicitAutograd""]","[""reduction""]",Reduction op likely handled by Inductor's reduction path with Triton on CUDA. Inductor handles reduction ops and uses Triton for GPU codegen. Many reduction ops are likely covered.
div.Tensor,pointwise,False,yes,"[""SparseCPU, SparseCUDA, SparseMPS"", ""ZeroTensor"", ""NestedTensorCPU, NestedTensorHPU, NestedTensorCUDA""]","[""core"", ""pointwise""]",Op div.Tensor has explicit lowering in Inductor's lowering table.
div_.Tensor,pointwise,False,likely_yes,"[""SparseCPU, SparseCUDA, SparseMPS""]","[""pointwise""]",Pointwise op likely handled by Inductor's generic pointwise path with Triton on CUDA. Inductor handles pointwise ops generically and uses Triton for GPU codegen. Most pointwise ops are likely covered.
div.out,pointwise,False,yes,"[""CPU, CUDA, MPS, MTIA"", ""SparseCPU, SparseCUDA, SparseMPS""]","[""pointwise""]",Op div.out has explicit lowering in Inductor's lowering table.
div.Tensor_mode,pointwise,False,yes,"[""SparseCPU, SparseCUDA, SparseMPS""]","[""core"", ""pointwise""]",Op div.Tensor_mode has explicit lowering in Inductor's lowering table.
div_.Tensor_mode,pointwise,False,likely_yes,"[""SparseCPU, SparseCUDA, SparseMPS""]","[""pointwise""]",Pointwise op likely handled by Inductor's generic pointwise path with Triton on CUDA. Inductor handles pointwise ops generically and uses Triton for GPU codegen. Most pointwise ops are likely covered.
div.out_mode,pointwise,False,yes,"[""CPU, CUDA, MPS"", ""SparseCPU, SparseCUDA, SparseMPS""]","[""pointwise""]",Op div.out_mode has explicit lowering in Inductor's lowering table.
div.Scalar,pointwise,False,yes,"[""CompositeExplicitAutograd"", ""NestedTensorCPU, NestedTensorHPU, NestedTensorCUDA""]","[""core"", ""pointwise""]",Op div.Scalar has explicit lowering in Inductor's lowering table.
div_.Scalar,pointwise,False,likely_yes,"[""CompositeExplicitAutograd""]","[""pointwise""]",Pointwise op likely handled by Inductor's generic pointwise path with Triton on CUDA. Inductor handles pointwise ops generically and uses Triton for GPU codegen. Most pointwise ops are likely covered.
div.Scalar_mode,pointwise,False,yes,"[""CompositeExplicitAutograd""]","[""core"", ""pointwise""]",Op div.Scalar_mode has explicit lowering in Inductor's lowering table.
div_.Scalar_mode,pointwise,False,likely_yes,"[""CompositeExplicitAutograd""]","[""pointwise""]",Pointwise op likely handled by Inductor's generic pointwise path with Triton on CUDA. Inductor handles pointwise ops generically and uses Triton for GPU codegen. Most pointwise ops are likely covered.
true_divide.Tensor,pointwise,False,likely_yes,[],"[""pointwise""]",Pointwise op likely handled by Inductor's generic pointwise path with Triton on CUDA. Inductor handles pointwise ops generically and uses Triton for GPU codegen. Most pointwise ops are likely covered.
erf,pointwise,False,likely_yes,"[""SparseCPU, SparseCUDA, SparseMPS"", ""SparseCsrCPU, SparseCsrCUDA, SparseCsrMeta""]","[""core"", ""pointwise""]",Pointwise op likely handled by Inductor's generic pointwise path with Triton on CUDA. Inductor handles pointwise ops generically and uses Triton for GPU codegen. Most pointwise ops are likely covered.
erf_,pointwise,False,likely_yes,"[""SparseCPU, SparseCUDA, SparseMPS"", ""SparseCsrCPU, SparseCsrCUDA, SparseCsrMeta""]","[""pointwise""]",Pointwise op likely handled by Inductor's generic pointwise path with Triton on CUDA. Inductor handles pointwise ops generically and uses Triton for GPU codegen. Most pointwise ops are likely covered.
erf.out,pointwise,False,likely_yes,"[""CPU, CUDA, MPS, MTIA"", ""SparseCPU, SparseCUDA, SparseMPS"", ""SparseCsrCPU, SparseCsrCUDA, SparseCsrMeta""]","[""pointwise""]",Pointwise op likely handled by Inductor's generic pointwise path with Triton on CUDA. Inductor handles pointwise ops generically and uses Triton for GPU codegen. Most pointwise ops are likely covered.
erfc,pointwise,False,likely_yes,[],"[""pointwise""]",Pointwise op likely handled by Inductor's generic pointwise path with Triton on CUDA. Inductor handles pointwise ops generically and uses Triton for GPU codegen. Most pointwise ops are likely covered.
erfc_,pointwise,False,likely_yes,[],"[""pointwise""]",Pointwise op likely handled by Inductor's generic pointwise path with Triton on CUDA. Inductor handles pointwise ops generically and uses Triton for GPU codegen. Most pointwise ops are likely covered.
erfc.out,pointwise,False,likely_yes,"[""CPU, CUDA, MPS""]","[""pointwise""]",Pointwise op likely handled by Inductor's generic pointwise path with Triton on CUDA. Inductor handles pointwise ops generically and uses Triton for GPU codegen. Most pointwise ops are likely covered.
exp,pointwise,False,yes,[],"[""core"", ""pointwise""]",Op exp has explicit lowering in Inductor's lowering table.
exp_,pointwise,False,likely_yes,[],"[""pointwise""]",Pointwise op likely handled by Inductor's generic pointwise path with Triton on CUDA. Inductor handles pointwise ops generically and uses Triton for GPU codegen. Most pointwise ops are likely covered.
exp.out,pointwise,False,yes,"[""CPU, CUDA, MPS, MTIA""]","[""pointwise""]",Op exp.out has explicit lowering in Inductor's lowering table.
exp2,pointwise,False,likely_yes,[],"[""pointwise""]",Pointwise op likely handled by Inductor's generic pointwise path with Triton on CUDA. Inductor handles pointwise ops generically and uses Triton for GPU codegen. Most pointwise ops are likely covered.
exp2_,pointwise,False,likely_yes,[],"[""pointwise""]",Pointwise op likely handled by Inductor's generic pointwise path with Triton on CUDA. Inductor handles pointwise ops generically and uses Triton for GPU codegen. Most pointwise ops are likely covered.
exp2.out,pointwise,False,likely_yes,"[""CPU, CUDA, MPS""]","[""pointwise""]",Pointwise op likely handled by Inductor's generic pointwise path with Triton on CUDA. Inductor handles pointwise ops generically and uses Triton for GPU codegen. Most pointwise ops are likely covered.
expm1,pointwise,False,likely_yes,"[""SparseCPU, SparseCUDA, SparseMPS"", ""SparseCsrCPU, SparseCsrCUDA, SparseCsrMeta""]","[""core"", ""pointwise""]",Pointwise op likely handled by Inductor's generic pointwise path with Triton on CUDA. Inductor handles pointwise ops generically and uses Triton for GPU codegen. Most pointwise ops are likely covered.
expm1_,pointwise,False,likely_yes,"[""SparseCPU, SparseCUDA, SparseMPS"", ""SparseCsrCPU, SparseCsrCUDA, SparseCsrMeta""]","[""pointwise""]",Pointwise op likely handled by Inductor's generic pointwise path with Triton on CUDA. Inductor handles pointwise ops generically and uses Triton for GPU codegen. Most pointwise ops are likely covered.
expm1.out,pointwise,False,likely_yes,"[""CPU, CUDA, MPS"", ""SparseCPU, SparseCUDA, SparseMPS"", ""SparseCsrCPU, SparseCsrCUDA, SparseCsrMeta""]","[""pointwise""]",Pointwise op likely handled by Inductor's generic pointwise path with Triton on CUDA. Inductor handles pointwise ops generically and uses Triton for GPU codegen. Most pointwise ops are likely covered.
floor,pointwise,False,yes,"[""SparseCPU, SparseCUDA, SparseMPS"", ""SparseCsrCPU, SparseCsrCUDA, SparseCsrMeta""]","[""core"", ""pointwise""]",Op floor has explicit lowering in Inductor's lowering table.
floor_,pointwise,False,likely_yes,"[""SparseCPU, SparseCUDA, SparseMPS"", ""SparseCsrCPU, SparseCsrCUDA, SparseCsrMeta""]","[""pointwise""]",Pointwise op likely handled by Inductor's generic pointwise path with Triton on CUDA. Inductor handles pointwise ops generically and uses Triton for GPU codegen. Most pointwise ops are likely covered.
floor.out,pointwise,False,yes,"[""CPU, CUDA, MPS"", ""SparseCPU, SparseCUDA, SparseMPS"", ""SparseCsrCPU, SparseCsrCUDA, SparseCsrMeta""]","[""pointwise""]",Op floor.out has explicit lowering in Inductor's lowering table.
frac,pointwise,False,likely_yes,"[""SparseCPU, SparseCUDA, SparseMPS"", ""SparseCsrCPU, SparseCsrCUDA, SparseCsrMeta""]","[""pointwise""]",Pointwise op likely handled by Inductor's generic pointwise path with Triton on CUDA. Inductor handles pointwise ops generically and uses Triton for GPU codegen. Most pointwise ops are likely covered.
frac_,pointwise,False,likely_yes,"[""SparseCPU, SparseCUDA, SparseMPS"", ""SparseCsrCPU, SparseCsrCUDA, SparseCsrMeta""]","[""pointwise""]",Pointwise op likely handled by Inductor's generic pointwise path with Triton on CUDA. Inductor handles pointwise ops generically and uses Triton for GPU codegen. Most pointwise ops are likely covered.
frac.out,pointwise,False,likely_yes,"[""CPU, CUDA"", ""MPS"", ""SparseCPU, SparseCUDA, SparseMPS"", ""SparseCsrCPU, SparseCsrCUDA, SparseCsrMeta""]","[""pointwise""]",Pointwise op likely handled by Inductor's generic pointwise path with Triton on CUDA. Inductor handles pointwise ops generically and uses Triton for GPU codegen. Most pointwise ops are likely covered.
gcd.out,pointwise,False,likely_yes,"[""CPU, CUDA""]","[""pointwise""]",Pointwise op likely handled by Inductor's generic pointwise path with Triton on CUDA. Inductor handles pointwise ops generically and uses Triton for GPU codegen. Most pointwise ops are likely covered.
gcd,pointwise,False,likely_yes,[],"[""pointwise""]",Pointwise op likely handled by Inductor's generic pointwise path with Triton on CUDA. Inductor handles pointwise ops generically and uses Triton for GPU codegen. Most pointwise ops are likely covered.
lcm.out,pointwise,False,likely_yes,"[""CPU, CUDA""]","[""pointwise""]",Pointwise op likely handled by Inductor's generic pointwise path with Triton on CUDA. Inductor handles pointwise ops generically and uses Triton for GPU codegen. Most pointwise ops are likely covered.
lcm,pointwise,False,likely_yes,[],"[""pointwise""]",Pointwise op likely handled by Inductor's generic pointwise path with Triton on CUDA. Inductor handles pointwise ops generically and uses Triton for GPU codegen. Most pointwise ops are likely covered.
isnan,pointwise,False,yes,"[""CPU, CUDA, MPS, MTIA"", ""NestedTensorCPU, NestedTensorHPU, NestedTensorCUDA"", ""SparseCPU, SparseCUDA, SparseMPS"", ""SparseCsrCPU, SparseCsrCUDA, SparseCsrMeta""]","[""core"", ""pointwise""]",Op isnan has explicit lowering in Inductor's lowering table.
nan_to_num,pointwise,False,likely_yes,"[""CompositeExplicitAutograd"", ""SparseCPU, SparseCUDA, SparseMPS""]","[""pointwise""]",Pointwise op likely handled by Inductor's generic pointwise path with Triton on CUDA. Inductor handles pointwise ops generically and uses Triton for GPU codegen. Most pointwise ops are likely covered.
nan_to_num_,pointwise,False,likely_yes,"[""CompositeExplicitAutograd"", ""SparseCPU, SparseCUDA, SparseMPS""]","[""pointwise""]",Pointwise op likely handled by Inductor's generic pointwise path with Triton on CUDA. Inductor handles pointwise ops generically and uses Triton for GPU codegen. Most pointwise ops are likely covered.
nan_to_num.out,pointwise,False,likely_yes,"[""CPU, CUDA, MTIA"", ""MPS"", ""SparseCPU, SparseCUDA, SparseMPS""]","[""pointwise""]",Pointwise op likely handled by Inductor's generic pointwise path with Triton on CUDA. Inductor handles pointwise ops generically and uses Triton for GPU codegen. Most pointwise ops are likely covered.
ldexp.Tensor,pointwise,False,yes,"[""CompositeExplicitAutograd""]","[""pointwise""]",Op ldexp.Tensor has explicit lowering in Inductor's lowering table.
ldexp_,pointwise,False,likely_yes,"[""CompositeExplicitAutograd""]","[""pointwise""]",Pointwise op likely handled by Inductor's generic pointwise path with Triton on CUDA. Inductor handles pointwise ops generically and uses Triton for GPU codegen. Most pointwise ops are likely covered.
ldexp.out,pointwise,False,yes,"[""CompositeExplicitAutograd""]","[""pointwise""]",Op ldexp.out has explicit lowering in Inductor's lowering table.
log,pointwise,False,likely_yes,[],"[""core"", ""pointwise""]",Pointwise op likely handled by Inductor's generic pointwise path with Triton on CUDA. Inductor handles pointwise ops generically and uses Triton for GPU codegen. Most pointwise ops are likely covered.
log_,pointwise,False,likely_yes,[],"[""pointwise""]",Pointwise op likely handled by Inductor's generic pointwise path with Triton on CUDA. Inductor handles pointwise ops generically and uses Triton for GPU codegen. Most pointwise ops are likely covered.
log.out,pointwise,False,likely_yes,"[""CPU, CUDA, MPS, MTIA""]","[""pointwise""]",Pointwise op likely handled by Inductor's generic pointwise path with Triton on CUDA. Inductor handles pointwise ops generically and uses Triton for GPU codegen. Most pointwise ops are likely covered.
log10,pointwise,False,likely_yes,[],"[""core"", ""pointwise""]",Pointwise op likely handled by Inductor's generic pointwise path with Triton on CUDA. Inductor handles pointwise ops generically and uses Triton for GPU codegen. Most pointwise ops are likely covered.
log10_,pointwise,False,likely_yes,[],"[""pointwise""]",Pointwise op likely handled by Inductor's generic pointwise path with Triton on CUDA. Inductor handles pointwise ops generically and uses Triton for GPU codegen. Most pointwise ops are likely covered.
log10.out,pointwise,False,likely_yes,"[""CPU, CUDA, MPS""]","[""pointwise""]",Pointwise op likely handled by Inductor's generic pointwise path with Triton on CUDA. Inductor handles pointwise ops generically and uses Triton for GPU codegen. Most pointwise ops are likely covered.
log1p,pointwise,False,likely_yes,"[""SparseCPU, SparseCUDA, SparseMPS"", ""SparseCsrCPU, SparseCsrCUDA, SparseCsrMeta""]","[""core"", ""pointwise""]",Pointwise op likely handled by Inductor's generic pointwise path with Triton on CUDA. Inductor handles pointwise ops generically and uses Triton for GPU codegen. Most pointwise ops are likely covered.
log1p_,pointwise,False,likely_yes,"[""SparseCPU, SparseCUDA, SparseMPS"", ""SparseCsrCPU, SparseCsrCUDA, SparseCsrMeta""]","[""pointwise""]",Pointwise op likely handled by Inductor's generic pointwise path with Triton on CUDA. Inductor handles pointwise ops generically and uses Triton for GPU codegen. Most pointwise ops are likely covered.
log1p.out,pointwise,False,likely_yes,"[""CPU, CUDA, MPS"", ""SparseCPU, SparseCUDA, SparseMPS"", ""SparseCsrCPU, SparseCsrCUDA, SparseCsrMeta""]","[""pointwise""]",Pointwise op likely handled by Inductor's generic pointwise path with Triton on CUDA. Inductor handles pointwise ops generically and uses Triton for GPU codegen. Most pointwise ops are likely covered.
log2,pointwise,False,likely_yes,[],"[""core"", ""pointwise""]",Pointwise op likely handled by Inductor's generic pointwise path with Triton on CUDA. Inductor handles pointwise ops generically and uses Triton for GPU codegen. Most pointwise ops are likely covered.
log2_,pointwise,False,likely_yes,[],"[""pointwise""]",Pointwise op likely handled by Inductor's generic pointwise path with Triton on CUDA. Inductor handles pointwise ops generically and uses Triton for GPU codegen. Most pointwise ops are likely covered.
log2.out,pointwise,False,likely_yes,"[""CPU, CUDA, MPS, MTIA""]","[""pointwise""]",Pointwise op likely handled by Inductor's generic pointwise path with Triton on CUDA. Inductor handles pointwise ops generically and uses Triton for GPU codegen. Most pointwise ops are likely covered.
logaddexp.out,pointwise,False,likely_yes,"[""CPU, CUDA, MPS""]","[""pointwise""]",Pointwise op likely handled by Inductor's generic pointwise path with Triton on CUDA. Inductor handles pointwise ops generically and uses Triton for GPU codegen. Most pointwise ops are likely covered.
logaddexp,pointwise,False,likely_yes,[],"[""pointwise""]",Pointwise op likely handled by Inductor's generic pointwise path with Triton on CUDA. Inductor handles pointwise ops generically and uses Triton for GPU codegen. Most pointwise ops are likely covered.
logaddexp2.out,pointwise,False,likely_yes,"[""CPU, CUDA, MPS""]","[""pointwise""]",Pointwise op likely handled by Inductor's generic pointwise path with Triton on CUDA. Inductor handles pointwise ops generically and uses Triton for GPU codegen. Most pointwise ops are likely covered.
logaddexp2,pointwise,False,likely_yes,[],"[""pointwise""]",Pointwise op likely handled by Inductor's generic pointwise path with Triton on CUDA. Inductor handles pointwise ops generically and uses Triton for GPU codegen. Most pointwise ops are likely covered.
xlogy.Tensor,pointwise,False,likely_yes,[],"[""pointwise""]",Pointwise op likely handled by Inductor's generic pointwise path with Triton on CUDA. Inductor handles pointwise ops generically and uses Triton for GPU codegen. Most pointwise ops are likely covered.
xlogy.Scalar_Self,pointwise,False,likely_yes,"[""CompositeExplicitAutograd""]","[""pointwise""]",Pointwise op likely handled by Inductor's generic pointwise path with Triton on CUDA. Inductor handles pointwise ops generically and uses Triton for GPU codegen. Most pointwise ops are likely covered.
xlogy.Scalar_Other,pointwise,False,likely_yes,"[""CompositeExplicitAutograd""]","[""pointwise""]",Pointwise op likely handled by Inductor's generic pointwise path with Triton on CUDA. Inductor handles pointwise ops generically and uses Triton for GPU codegen. Most pointwise ops are likely covered.
xlogy_.Tensor,pointwise,False,likely_yes,[],"[""pointwise""]",Pointwise op likely handled by Inductor's generic pointwise path with Triton on CUDA. Inductor handles pointwise ops generically and uses Triton for GPU codegen. Most pointwise ops are likely covered.
xlogy.OutTensor,pointwise,False,likely_yes,"[""CPU, CUDA"", ""MPS""]","[""pointwise""]",Pointwise op likely handled by Inductor's generic pointwise path with Triton on CUDA. Inductor handles pointwise ops generically and uses Triton for GPU codegen. Most pointwise ops are likely covered.
xlogy.OutScalar_Self,pointwise,False,likely_yes,"[""CompositeExplicitAutograd""]","[""pointwise""]",Pointwise op likely handled by Inductor's generic pointwise path with Triton on CUDA. Inductor handles pointwise ops generically and uses Triton for GPU codegen. Most pointwise ops are likely covered.
xlogy.OutScalar_Other,pointwise,False,likely_yes,"[""CompositeExplicitAutograd""]","[""pointwise""]",Pointwise op likely handled by Inductor's generic pointwise path with Triton on CUDA. Inductor handles pointwise ops generically and uses Triton for GPU codegen. Most pointwise ops are likely covered.
logsumexp,reduction,False,likely_yes,"[""CompositeExplicitAutograd""]","[""reduction""]",Reduction op likely handled by Inductor's reduction path with Triton on CUDA. Inductor handles reduction ops and uses Triton for GPU codegen. Many reduction ops are likely covered.
logsumexp.out,reduction,False,likely_yes,"[""CompositeExplicitAutogradNonFunctional""]","[""reduction""]",Reduction op likely handled by Inductor's reduction path with Triton on CUDA. Inductor handles reduction ops and uses Triton for GPU codegen. Many reduction ops are likely covered.
logsumexp.names,reduction,False,likely_yes,[],"[""reduction""]",Reduction op likely handled by Inductor's reduction path with Triton on CUDA. Inductor handles reduction ops and uses Triton for GPU codegen. Many reduction ops are likely covered.
logsumexp.names_out,reduction,False,likely_yes,[],"[""reduction""]",Reduction op likely handled by Inductor's reduction path with Triton on CUDA. Inductor handles reduction ops and uses Triton for GPU codegen. Many reduction ops are likely covered.
aminmax,reduction,False,likely_yes,[],"[""reduction""]",Reduction op likely handled by Inductor's reduction path with Triton on CUDA. Inductor handles reduction ops and uses Triton for GPU codegen. Many reduction ops are likely covered.
aminmax.out,reduction,False,likely_yes,"[""CPU, CUDA, MTIA"", ""MPS""]","[""reduction""]",Reduction op likely handled by Inductor's reduction path with Triton on CUDA. Inductor handles reduction ops and uses Triton for GPU codegen. Many reduction ops are likely covered.
max.dim,reduction,False,yes,"[""QuantizedCPU, QuantizedCUDA""]","[""core"", ""reduction""]",Op max.dim has explicit lowering in Inductor's lowering table.
max.dim_max,reduction,False,yes,"[""CPU, CUDA, MTIA"", ""MPS""]","[""reduction""]",Op max.dim_max has explicit lowering in Inductor's lowering table.
max.names_dim,reduction,False,yes,[],"[""reduction""]",Op max.names_dim has explicit lowering in Inductor's lowering table.
max.names_dim_max,reduction,False,yes,[],"[""reduction""]",Op max.names_dim_max has explicit lowering in Inductor's lowering table.
amax,reduction,False,yes,[],"[""core"", ""reduction""]",Op amax has explicit lowering in Inductor's lowering table.
amax.out,reduction,False,yes,"[""CPU, CUDA, MTIA"", ""MPS""]","[""reduction""]",Op amax.out has explicit lowering in Inductor's lowering table.
mean,reduction,False,yes,"[""CompositeExplicitAutograd""]","[""core"", ""reduction""]",Op mean has explicit lowering in Inductor's lowering table.
mean.dtype_out,reduction,False,yes,"[""CompositeExplicitAutograd""]","[""reduction""]",Op mean.dtype_out has explicit lowering in Inductor's lowering table.
mean.dim,reduction,False,yes,"[""QuantizedCPU""]","[""core"", ""reduction""]",Op mean.dim has explicit lowering in Inductor's lowering table.
mean.out,reduction,False,yes,"[""CPU, CUDA"", ""MPS"", ""QuantizedCPU""]","[""reduction""]",Op mean.out has explicit lowering in Inductor's lowering table.
mean.names_dim,reduction,False,yes,[],"[""reduction""]",Op mean.names_dim has explicit lowering in Inductor's lowering table.
mean.names_out,reduction,False,yes,[],"[""reduction""]",Op mean.names_out has explicit lowering in Inductor's lowering table.
min.dim,reduction,False,yes,"[""QuantizedCPU, QuantizedCUDA""]","[""core"", ""reduction""]",Op min.dim has explicit lowering in Inductor's lowering table.
min.dim_min,reduction,False,yes,"[""CPU, CUDA, MTIA"", ""MPS""]","[""reduction""]",Op min.dim_min has explicit lowering in Inductor's lowering table.
min.names_dim,reduction,False,yes,[],"[""reduction""]",Op min.names_dim has explicit lowering in Inductor's lowering table.
min.names_dim_min,reduction,False,yes,[],"[""reduction""]",Op min.names_dim_min has explicit lowering in Inductor's lowering table.
amin,reduction,False,yes,[],"[""core"", ""reduction""]",Op amin has explicit lowering in Inductor's lowering table.
amin.out,reduction,False,yes,"[""CPU, CUDA, MTIA"", ""MPS""]","[""reduction""]",Op amin.out has explicit lowering in Inductor's lowering table.
mul.Tensor,pointwise,False,likely_yes,"[""SparseCPU, SparseCUDA, SparseMPS"", ""SparseCsrCPU, SparseCsrCUDA, SparseCsrMeta"", ""MkldnnCPU"", ""ZeroTensor"", ""NestedTensorCPU, NestedTensorHPU, NestedTensorCUDA""]","[""core"", ""pointwise""]",Pointwise op likely handled by Inductor's generic pointwise path with Triton on CUDA. Inductor handles pointwise ops generically and uses Triton for GPU codegen. Most pointwise ops are likely covered.
mul_.Tensor,pointwise,False,likely_yes,"[""SparseCPU, SparseCUDA, SparseMPS"", ""SparseCsrCPU, SparseCsrCUDA, SparseCsrMeta"", ""MkldnnCPU"", ""NestedTensorCPU, NestedTensorHPU, NestedTensorCUDA""]","[""pointwise""]",Pointwise op likely handled by Inductor's generic pointwise path with Triton on CUDA. Inductor handles pointwise ops generically and uses Triton for GPU codegen. Most pointwise ops are likely covered.
mul.out,pointwise,False,likely_yes,"[""CPU, CUDA, MPS, MTIA"", ""SparseCPU"", ""SparseCUDA"", ""SparseMPS"", ""SparseCsrCPU, SparseCsrCUDA, SparseCsrMeta"", ""MkldnnCPU""]","[""pointwise""]",Pointwise op likely handled by Inductor's generic pointwise path with Triton on CUDA. Inductor handles pointwise ops generically and uses Triton for GPU codegen. Most pointwise ops are likely covered.
mul.Scalar,pointwise,False,likely_yes,"[""CompositeExplicitAutograd"", ""SparseCsrCPU, SparseCsrCUDA, SparseCsrMeta"", ""NestedTensorCPU, NestedTensorHPU, NestedTensorCUDA""]","[""core"", ""pointwise""]",Pointwise op likely handled by Inductor's generic pointwise path with Triton on CUDA. Inductor handles pointwise ops generically and uses Triton for GPU codegen. Most pointwise ops are likely covered.
mul_.Scalar,pointwise,False,likely_yes,"[""CompositeExplicitAutograd"", ""SparseCsrCPU, SparseCsrCUDA, SparseCsrMeta"", ""NestedTensorCPU, NestedTensorHPU, NestedTensorCUDA""]","[""pointwise""]",Pointwise op likely handled by Inductor's generic pointwise path with Triton on CUDA. Inductor handles pointwise ops generically and uses Triton for GPU codegen. Most pointwise ops are likely covered.
mvlgamma.out,pointwise,False,likely_yes,"[""CPU, CUDA""]","[""pointwise""]",Pointwise op likely handled by Inductor's generic pointwise path with Triton on CUDA. Inductor handles pointwise ops generically and uses Triton for GPU codegen. Most pointwise ops are likely covered.
mvlgamma,pointwise,False,likely_yes,"[""CompositeExplicitAutograd""]","[""pointwise""]",Pointwise op likely handled by Inductor's generic pointwise path with Triton on CUDA. Inductor handles pointwise ops generically and uses Triton for GPU codegen. Most pointwise ops are likely covered.
mvlgamma_,pointwise,False,likely_yes,"[""CompositeExplicitAutograd""]","[""pointwise""]",Pointwise op likely handled by Inductor's generic pointwise path with Triton on CUDA. Inductor handles pointwise ops generically and uses Triton for GPU codegen. Most pointwise ops are likely covered.
rad2deg,pointwise,False,likely_yes,"[""CompositeExplicitAutograd"", ""SparseCPU, SparseCUDA, SparseMPS"", ""SparseCsrCPU, SparseCsrCUDA, SparseCsrMeta""]","[""pointwise""]",Pointwise op likely handled by Inductor's generic pointwise path with Triton on CUDA. Inductor handles pointwise ops generically and uses Triton for GPU codegen. Most pointwise ops are likely covered.
rad2deg_,pointwise,False,likely_yes,"[""CompositeExplicitAutograd"", ""SparseCPU, SparseCUDA, SparseMPS"", ""SparseCsrCPU, SparseCsrCUDA, SparseCsrMeta""]","[""pointwise""]",Pointwise op likely handled by Inductor's generic pointwise path with Triton on CUDA. Inductor handles pointwise ops generically and uses Triton for GPU codegen. Most pointwise ops are likely covered.
rad2deg.out,pointwise,False,likely_yes,"[""CompositeExplicitAutograd"", ""SparseCPU, SparseCUDA, SparseMPS"", ""SparseCsrCPU, SparseCsrCUDA, SparseCsrMeta""]","[""pointwise""]",Pointwise op likely handled by Inductor's generic pointwise path with Triton on CUDA. Inductor handles pointwise ops generically and uses Triton for GPU codegen. Most pointwise ops are likely covered.
deg2rad,pointwise,False,likely_yes,"[""CompositeExplicitAutograd"", ""SparseCPU, SparseCUDA, SparseMPS"", ""SparseCsrCPU, SparseCsrCUDA, SparseCsrMeta""]","[""pointwise""]",Pointwise op likely handled by Inductor's generic pointwise path with Triton on CUDA. Inductor handles pointwise ops generically and uses Triton for GPU codegen. Most pointwise ops are likely covered.
deg2rad_,pointwise,False,likely_yes,"[""CompositeExplicitAutograd"", ""SparseCPU, SparseCUDA, SparseMPS"", ""SparseCsrCPU, SparseCsrCUDA, SparseCsrMeta""]","[""pointwise""]",Pointwise op likely handled by Inductor's generic pointwise path with Triton on CUDA. Inductor handles pointwise ops generically and uses Triton for GPU codegen. Most pointwise ops are likely covered.
deg2rad.out,pointwise,False,likely_yes,"[""CompositeExplicitAutograd"", ""SparseCPU, SparseCUDA, SparseMPS"", ""SparseCsrCPU, SparseCsrCUDA, SparseCsrMeta""]","[""pointwise""]",Pointwise op likely handled by Inductor's generic pointwise path with Triton on CUDA. Inductor handles pointwise ops generically and uses Triton for GPU codegen. Most pointwise ops are likely covered.
reciprocal,pointwise,False,likely_yes,[],"[""core"", ""pointwise""]",Pointwise op likely handled by Inductor's generic pointwise path with Triton on CUDA. Inductor handles pointwise ops generically and uses Triton for GPU codegen. Most pointwise ops are likely covered.
reciprocal_,pointwise,False,likely_yes,[],"[""pointwise""]",Pointwise op likely handled by Inductor's generic pointwise path with Triton on CUDA. Inductor handles pointwise ops generically and uses Triton for GPU codegen. Most pointwise ops are likely covered.
reciprocal.out,pointwise,False,likely_yes,"[""CPU, CUDA, MPS, MTIA""]","[""pointwise""]",Pointwise op likely handled by Inductor's generic pointwise path with Triton on CUDA. Inductor handles pointwise ops generically and uses Triton for GPU codegen. Most pointwise ops are likely covered.
neg,pointwise,False,likely_yes,"[""SparseCPU, SparseCUDA, SparseMPS"", ""SparseCsrCPU, SparseCsrCUDA, SparseCsrMeta"", ""NestedTensorCPU, NestedTensorHPU, NestedTensorCUDA""]","[""core"", ""pointwise""]",Pointwise op likely handled by Inductor's generic pointwise path with Triton on CUDA. Inductor handles pointwise ops generically and uses Triton for GPU codegen. Most pointwise ops are likely covered.
neg_,pointwise,False,likely_yes,"[""SparseCPU, SparseCUDA, SparseMPS"", ""SparseCsrCPU, SparseCsrCUDA, SparseCsrMeta"", ""NestedTensorCPU, NestedTensorHPU, NestedTensorCUDA""]","[""pointwise""]",Pointwise op likely handled by Inductor's generic pointwise path with Triton on CUDA. Inductor handles pointwise ops generically and uses Triton for GPU codegen. Most pointwise ops are likely covered.
neg.out,pointwise,False,likely_yes,"[""CPU, CUDA, MPS, MTIA"", ""SparseCPU, SparseCUDA, SparseMPS"", ""SparseCsrCPU, SparseCsrCUDA, SparseCsrMeta""]","[""pointwise""]",Pointwise op likely handled by Inductor's generic pointwise path with Triton on CUDA. Inductor handles pointwise ops generically and uses Triton for GPU codegen. Most pointwise ops are likely covered.
round,pointwise,False,yes,"[""SparseCPU, SparseCUDA, SparseMPS"", ""SparseCsrCPU, SparseCsrCUDA, SparseCsrMeta""]","[""core"", ""pointwise""]",Op round has explicit lowering in Inductor's lowering table.
round_,pointwise,False,likely_yes,"[""SparseCPU, SparseCUDA, SparseMPS"", ""SparseCsrCPU, SparseCsrCUDA, SparseCsrMeta""]","[""pointwise""]",Pointwise op likely handled by Inductor's generic pointwise path with Triton on CUDA. Inductor handles pointwise ops generically and uses Triton for GPU codegen. Most pointwise ops are likely covered.
round.out,pointwise,False,yes,"[""CPU, CUDA, MPS"", ""SparseCPU, SparseCUDA, SparseMPS"", ""SparseCsrCPU, SparseCsrCUDA, SparseCsrMeta""]","[""pointwise""]",Op round.out has explicit lowering in Inductor's lowering table.
round.decimals,pointwise,False,yes,[],"[""pointwise""]",Op round.decimals has explicit lowering in Inductor's lowering table.
round_.decimals,pointwise,False,likely_yes,[],"[""pointwise""]",Pointwise op likely handled by Inductor's generic pointwise path with Triton on CUDA. Inductor handles pointwise ops generically and uses Triton for GPU codegen. Most pointwise ops are likely covered.
round.decimals_out,pointwise,False,yes,"[""CPU, CUDA, MPS""]","[""pointwise""]",Op round.decimals_out has explicit lowering in Inductor's lowering table.
rrelu,pointwise,False,likely_yes,[],"[""pointwise"", ""nondeterministic_seeded""]",Pointwise op likely handled by Inductor's generic pointwise path with Triton on CUDA. Inductor handles pointwise ops generically and uses Triton for GPU codegen. Most pointwise ops are likely covered.
relu,pointwise,False,likely_yes,"[""CPU, CUDA"", ""MPS"", ""MTIA"", ""MkldnnCPU"", ""QuantizedCPU"", ""QuantizedCUDA"", ""NestedTensorCPU, NestedTensorHPU, NestedTensorCUDA"", ""SparseCPU, SparseCUDA, SparseMPS"", ""SparseCsrCPU, SparseCsrCUDA, SparseCsrMeta""]","[""core"", ""pointwise""]",Pointwise op likely handled by Inductor's generic pointwise path with Triton on CUDA. Inductor handles pointwise ops generically and uses Triton for GPU codegen. Most pointwise ops are likely covered.
relu_,pointwise,False,likely_yes,"[""CPU, CUDA"", ""MPS"", ""MTIA"", ""MkldnnCPU"", ""QuantizedCPU"", ""QuantizedCUDA"", ""NestedTensorCPU, NestedTensorHPU, NestedTensorCUDA"", ""SparseCPU, SparseCUDA, SparseMPS"", ""SparseCsrCPU, SparseCsrCUDA, SparseCsrMeta""]","[""pointwise""]",Pointwise op likely handled by Inductor's generic pointwise path with Triton on CUDA. Inductor handles pointwise ops generically and uses Triton for GPU codegen. Most pointwise ops are likely covered.
relu6,pointwise,False,likely_yes,[],"[""pointwise""]",Pointwise op likely handled by Inductor's generic pointwise path with Triton on CUDA. Inductor handles pointwise ops generically and uses Triton for GPU codegen. Most pointwise ops are likely covered.
gelu,pointwise,False,likely_yes,"[""MkldnnCPU"", ""QuantizedCPU"", ""QuantizedCUDA"", ""NestedTensorCPU, NestedTensorHPU, NestedTensorCUDA""]","[""core"", ""pointwise""]",Pointwise op likely handled by Inductor's generic pointwise path with Triton on CUDA. Inductor handles pointwise ops generically and uses Triton for GPU codegen. Most pointwise ops are likely covered.
gelu_backward,pointwise,False,likely_yes,"[""MkldnnCPU"", ""NestedTensorCPU, NestedTensorHPU, NestedTensorCUDA""]","[""pointwise""]",Pointwise op likely handled by Inductor's generic pointwise path with Triton on CUDA. Inductor handles pointwise ops generically and uses Triton for GPU codegen. Most pointwise ops are likely covered.
hardshrink,pointwise,False,likely_yes,[],"[""pointwise""]",Pointwise op likely handled by Inductor's generic pointwise path with Triton on CUDA. Inductor handles pointwise ops generically and uses Triton for GPU codegen. Most pointwise ops are likely covered.
rsqrt,pointwise,False,likely_yes,[],"[""core"", ""pointwise""]",Pointwise op likely handled by Inductor's generic pointwise path with Triton on CUDA. Inductor handles pointwise ops generically and uses Triton for GPU codegen. Most pointwise ops are likely covered.
rsqrt_,pointwise,False,likely_yes,[],"[""pointwise""]",Pointwise op likely handled by Inductor's generic pointwise path with Triton on CUDA. Inductor handles pointwise ops generically and uses Triton for GPU codegen. Most pointwise ops are likely covered.
rsqrt.out,pointwise,False,likely_yes,"[""CPU, CUDA, MPS, MTIA""]","[""pointwise""]",Pointwise op likely handled by Inductor's generic pointwise path with Triton on CUDA. Inductor handles pointwise ops generically and uses Triton for GPU codegen. Most pointwise ops are likely covered.
selu,pointwise,False,likely_yes,[],"[""pointwise""]",Pointwise op likely handled by Inductor's generic pointwise path with Triton on CUDA. Inductor handles pointwise ops generically and uses Triton for GPU codegen. Most pointwise ops are likely covered.
celu,pointwise,False,likely_yes,"[""CompositeExplicitAutograd""]","[""pointwise""]",Pointwise op likely handled by Inductor's generic pointwise path with Triton on CUDA. Inductor handles pointwise ops generically and uses Triton for GPU codegen. Most pointwise ops are likely covered.
silu,pointwise,False,likely_yes,"[""NestedTensorCPU, NestedTensorHPU, NestedTensorCUDA""]","[""pointwise""]",Pointwise op likely handled by Inductor's generic pointwise path with Triton on CUDA. Inductor handles pointwise ops generically and uses Triton for GPU codegen. Most pointwise ops are likely covered.
silu_,pointwise,False,likely_yes,"[""NestedTensorCPU, NestedTensorHPU, NestedTensorCUDA""]","[""pointwise""]",Pointwise op likely handled by Inductor's generic pointwise path with Triton on CUDA. Inductor handles pointwise ops generically and uses Triton for GPU codegen. Most pointwise ops are likely covered.
silu.out,pointwise,False,likely_yes,"[""CPU, CUDA, MTIA"", ""MPS""]","[""pointwise""]",Pointwise op likely handled by Inductor's generic pointwise path with Triton on CUDA. Inductor handles pointwise ops generically and uses Triton for GPU codegen. Most pointwise ops are likely covered.
silu_backward.grad_input,pointwise,False,likely_yes,"[""CPU, CUDA"", ""MPS""]","[""pointwise""]",Pointwise op likely handled by Inductor's generic pointwise path with Triton on CUDA. Inductor handles pointwise ops generically and uses Triton for GPU codegen. Most pointwise ops are likely covered.
silu_backward,pointwise,False,likely_yes,"[""CompositeImplicitAutograd"", ""NestedTensorCPU, NestedTensorHPU, NestedTensorCUDA""]","[""pointwise""]",Pointwise op likely handled by Inductor's generic pointwise path with Triton on CUDA. Inductor handles pointwise ops generically and uses Triton for GPU codegen. Most pointwise ops are likely covered.
mish,pointwise,False,likely_yes,[],"[""pointwise""]",Pointwise op likely handled by Inductor's generic pointwise path with Triton on CUDA. Inductor handles pointwise ops generically and uses Triton for GPU codegen. Most pointwise ops are likely covered.
sigmoid,pointwise,False,likely_yes,"[""QuantizedCPU"", ""MkldnnCPU""]","[""core"", ""pointwise""]",Pointwise op likely handled by Inductor's generic pointwise path with Triton on CUDA. Inductor handles pointwise ops generically and uses Triton for GPU codegen. Most pointwise ops are likely covered.
sigmoid_,pointwise,False,likely_yes,"[""MkldnnCPU""]","[""pointwise""]",Pointwise op likely handled by Inductor's generic pointwise path with Triton on CUDA. Inductor handles pointwise ops generically and uses Triton for GPU codegen. Most pointwise ops are likely covered.
sigmoid.out,pointwise,False,likely_yes,"[""CPU, CUDA, MPS""]","[""pointwise""]",Pointwise op likely handled by Inductor's generic pointwise path with Triton on CUDA. Inductor handles pointwise ops generically and uses Triton for GPU codegen. Most pointwise ops are likely covered.
logit,pointwise,False,likely_yes,"[""CPU, CUDA, MTIA"", ""MPS""]","[""pointwise""]",Pointwise op likely handled by Inductor's generic pointwise path with Triton on CUDA. Inductor handles pointwise ops generically and uses Triton for GPU codegen. Most pointwise ops are likely covered.
logit_,pointwise,False,likely_yes,"[""CPU, CUDA""]","[""pointwise""]",Pointwise op likely handled by Inductor's generic pointwise path with Triton on CUDA. Inductor handles pointwise ops generically and uses Triton for GPU codegen. Most pointwise ops are likely covered.
logit.out,pointwise,False,likely_yes,"[""CPU, CUDA"", ""MPS""]","[""pointwise""]",Pointwise op likely handled by Inductor's generic pointwise path with Triton on CUDA. Inductor handles pointwise ops generically and uses Triton for GPU codegen. Most pointwise ops are likely covered.
sin,pointwise,False,likely_yes,"[""SparseCsrCPU, SparseCsrCUDA, SparseCsrMeta"", ""SparseCPU, SparseCUDA, SparseMPS"", ""NestedTensorCPU, NestedTensorHPU, NestedTensorCUDA""]","[""core"", ""pointwise""]",Pointwise op likely handled by Inductor's generic pointwise path with Triton on CUDA. Inductor handles pointwise ops generically and uses Triton for GPU codegen. Most pointwise ops are likely covered.
sin_,pointwise,False,likely_yes,"[""SparseCsrCPU, SparseCsrCUDA, SparseCsrMeta"", ""SparseCPU, SparseCUDA, SparseMPS""]","[""pointwise""]",Pointwise op likely handled by Inductor's generic pointwise path with Triton on CUDA. Inductor handles pointwise ops generically and uses Triton for GPU codegen. Most pointwise ops are likely covered.
sin.out,pointwise,False,likely_yes,"[""CPU, CUDA, MPS, MTIA"", ""SparseCsrCPU, SparseCsrCUDA, SparseCsrMeta"", ""SparseCPU, SparseCUDA, SparseMPS""]","[""pointwise""]",Pointwise op likely handled by Inductor's generic pointwise path with Triton on CUDA. Inductor handles pointwise ops generically and uses Triton for GPU codegen. Most pointwise ops are likely covered.
sinc,pointwise,False,likely_yes,[],"[""pointwise""]",Pointwise op likely handled by Inductor's generic pointwise path with Triton on CUDA. Inductor handles pointwise ops generically and uses Triton for GPU codegen. Most pointwise ops are likely covered.
sinc_,pointwise,False,likely_yes,[],"[""pointwise""]",Pointwise op likely handled by Inductor's generic pointwise path with Triton on CUDA. Inductor handles pointwise ops generically and uses Triton for GPU codegen. Most pointwise ops are likely covered.
sinc.out,pointwise,False,likely_yes,"[""CPU, CUDA, MPS""]","[""pointwise""]",Pointwise op likely handled by Inductor's generic pointwise path with Triton on CUDA. Inductor handles pointwise ops generically and uses Triton for GPU codegen. Most pointwise ops are likely covered.
sinh,pointwise,False,likely_yes,"[""SparseCPU, SparseCUDA, SparseMPS"", ""SparseCsrCPU, SparseCsrCUDA, SparseCsrMeta""]","[""core"", ""pointwise""]",Pointwise op likely handled by Inductor's generic pointwise path with Triton on CUDA. Inductor handles pointwise ops generically and uses Triton for GPU codegen. Most pointwise ops are likely covered.
sinh_,pointwise,False,likely_yes,"[""SparseCPU, SparseCUDA, SparseMPS"", ""SparseCsrCPU, SparseCsrCUDA, SparseCsrMeta""]","[""pointwise""]",Pointwise op likely handled by Inductor's generic pointwise path with Triton on CUDA. Inductor handles pointwise ops generically and uses Triton for GPU codegen. Most pointwise ops are likely covered.
sinh.out,pointwise,False,likely_yes,"[""CPU, CUDA, MPS"", ""SparseCPU, SparseCUDA, SparseMPS"", ""SparseCsrCPU, SparseCsrCUDA, SparseCsrMeta""]","[""pointwise""]",Pointwise op likely handled by Inductor's generic pointwise path with Triton on CUDA. Inductor handles pointwise ops generically and uses Triton for GPU codegen. Most pointwise ops are likely covered.
sum,reduction,False,likely_yes,"[""CompositeExplicitAutograd"", ""SparseCPU, SparseCUDA, SparseMPS, SparseMeta"", ""SparseCsrCPU, SparseCsrCUDA, SparseCsrMeta""]","[""reduction""]",Reduction op likely handled by Inductor's reduction path with Triton on CUDA. Inductor handles reduction ops and uses Triton for GPU codegen. Many reduction ops are likely covered.
sum.dim_IntList,reduction,False,likely_yes,"[""NestedTensorCPU"", ""SparseCPU, SparseCUDA, SparseMPS"", ""SparseCsrCPU, SparseCsrCUDA, SparseCsrMeta""]","[""core"", ""reduction""]",Reduction op likely handled by Inductor's reduction path with Triton on CUDA. Inductor handles reduction ops and uses Triton for GPU codegen. Many reduction ops are likely covered.
sum.dim_DimnameList,reduction,False,likely_yes,[],"[""reduction""]",Reduction op likely handled by Inductor's reduction path with Triton on CUDA. Inductor handles reduction ops and uses Triton for GPU codegen. Many reduction ops are likely covered.
sum.IntList_out,reduction,False,likely_yes,"[""CPU, CUDA"", ""MPS""]","[""reduction""]",Reduction op likely handled by Inductor's reduction path with Triton on CUDA. Inductor handles reduction ops and uses Triton for GPU codegen. Many reduction ops are likely covered.
sum.DimnameList_out,reduction,False,likely_yes,[],"[""reduction""]",Reduction op likely handled by Inductor's reduction path with Triton on CUDA. Inductor handles reduction ops and uses Triton for GPU codegen. Many reduction ops are likely covered.
nansum,reduction,False,likely_yes,"[""CPU, CUDA"", ""MPS""]","[""reduction""]",Reduction op likely handled by Inductor's reduction path with Triton on CUDA. Inductor handles reduction ops and uses Triton for GPU codegen. Many reduction ops are likely covered.
nansum.out,reduction,False,likely_yes,"[""CPU, CUDA"", ""MPS""]","[""reduction""]",Reduction op likely handled by Inductor's reduction path with Triton on CUDA. Inductor handles reduction ops and uses Triton for GPU codegen. Many reduction ops are likely covered.
sqrt,pointwise,False,likely_yes,"[""NestedTensorCPU, NestedTensorHPU, NestedTensorCUDA"", ""SparseCPU, SparseCUDA, SparseMPS"", ""SparseCsrCPU, SparseCsrCUDA, SparseCsrMeta""]","[""core"", ""pointwise""]",Pointwise op likely handled by Inductor's generic pointwise path with Triton on CUDA. Inductor handles pointwise ops generically and uses Triton for GPU codegen. Most pointwise ops are likely covered.
sqrt_,pointwise,False,likely_yes,"[""SparseCPU, SparseCUDA, SparseMPS"", ""SparseCsrCPU, SparseCsrCUDA, SparseCsrMeta""]","[""pointwise""]",Pointwise op likely handled by Inductor's generic pointwise path with Triton on CUDA. Inductor handles pointwise ops generically and uses Triton for GPU codegen. Most pointwise ops are likely covered.
sqrt.out,pointwise,False,likely_yes,"[""CPU, CUDA, MPS, MTIA"", ""SparseCPU, SparseCUDA, SparseMPS"", ""SparseCsrCPU, SparseCsrCUDA, SparseCsrMeta""]","[""pointwise""]",Pointwise op likely handled by Inductor's generic pointwise path with Triton on CUDA. Inductor handles pointwise ops generically and uses Triton for GPU codegen. Most pointwise ops are likely covered.
square,pointwise,False,likely_yes,[],"[""pointwise""]",Pointwise op likely handled by Inductor's generic pointwise path with Triton on CUDA. Inductor handles pointwise ops generically and uses Triton for GPU codegen. Most pointwise ops are likely covered.
square_,pointwise,False,likely_yes,[],"[""pointwise""]",Pointwise op likely handled by Inductor's generic pointwise path with Triton on CUDA. Inductor handles pointwise ops generically and uses Triton for GPU codegen. Most pointwise ops are likely covered.
square.out,pointwise,False,likely_yes,[],"[""pointwise""]",Pointwise op likely handled by Inductor's generic pointwise path with Triton on CUDA. Inductor handles pointwise ops generically and uses Triton for GPU codegen. Most pointwise ops are likely covered.
std,reduction,False,likely_yes,[],"[""reduction""]",Reduction op likely handled by Inductor's reduction path with Triton on CUDA. Inductor handles reduction ops and uses Triton for GPU codegen. Many reduction ops are likely covered.
std.dim,reduction,False,likely_yes,[],"[""reduction""]",Reduction op likely handled by Inductor's reduction path with Triton on CUDA. Inductor handles reduction ops and uses Triton for GPU codegen. Many reduction ops are likely covered.
std.correction,reduction,False,likely_yes,"[""CPU, CUDA"", ""MPS"", ""QuantizedCPU""]","[""reduction""]",Reduction op likely handled by Inductor's reduction path with Triton on CUDA. Inductor handles reduction ops and uses Triton for GPU codegen. Many reduction ops are likely covered.
std_mean,reduction,False,likely_yes,[],"[""reduction""]",Reduction op likely handled by Inductor's reduction path with Triton on CUDA. Inductor handles reduction ops and uses Triton for GPU codegen. Many reduction ops are likely covered.
std_mean.dim,reduction,False,likely_yes,[],"[""reduction""]",Reduction op likely handled by Inductor's reduction path with Triton on CUDA. Inductor handles reduction ops and uses Triton for GPU codegen. Many reduction ops are likely covered.
std_mean.correction,reduction,False,likely_yes,"[""CPU, CUDA"", ""MPS""]","[""reduction""]",Reduction op likely handled by Inductor's reduction path with Triton on CUDA. Inductor handles reduction ops and uses Triton for GPU codegen. Many reduction ops are likely covered.
std_mean.names_dim,reduction,False,likely_yes,[],"[""reduction""]",Reduction op likely handled by Inductor's reduction path with Triton on CUDA. Inductor handles reduction ops and uses Triton for GPU codegen. Many reduction ops are likely covered.
std_mean.correction_names,reduction,False,likely_yes,[],"[""reduction""]",Reduction op likely handled by Inductor's reduction path with Triton on CUDA. Inductor handles reduction ops and uses Triton for GPU codegen. Many reduction ops are likely covered.
std.out,reduction,False,likely_yes,[],"[""reduction""]",Reduction op likely handled by Inductor's reduction path with Triton on CUDA. Inductor handles reduction ops and uses Triton for GPU codegen. Many reduction ops are likely covered.
std.correction_out,reduction,False,likely_yes,"[""CPU, CUDA"", ""QuantizedCPU""]","[""reduction""]",Reduction op likely handled by Inductor's reduction path with Triton on CUDA. Inductor handles reduction ops and uses Triton for GPU codegen. Many reduction ops are likely covered.
std.names_dim,reduction,False,likely_yes,[],"[""reduction""]",Reduction op likely handled by Inductor's reduction path with Triton on CUDA. Inductor handles reduction ops and uses Triton for GPU codegen. Many reduction ops are likely covered.
std.names_out,reduction,False,likely_yes,[],"[""reduction""]",Reduction op likely handled by Inductor's reduction path with Triton on CUDA. Inductor handles reduction ops and uses Triton for GPU codegen. Many reduction ops are likely covered.
std.correction_names,reduction,False,likely_yes,[],"[""reduction""]",Reduction op likely handled by Inductor's reduction path with Triton on CUDA. Inductor handles reduction ops and uses Triton for GPU codegen. Many reduction ops are likely covered.
std.correction_names_out,reduction,False,likely_yes,[],"[""reduction""]",Reduction op likely handled by Inductor's reduction path with Triton on CUDA. Inductor handles reduction ops and uses Triton for GPU codegen. Many reduction ops are likely covered.
prod,reduction,False,yes,"[""CPU, CUDA"", ""MPS""]","[""core"", ""reduction""]",Op prod has explicit lowering in Inductor's lowering table.
prod.dim_int,reduction,False,yes,[],"[""core"", ""reduction""]",Op prod.dim_int has explicit lowering in Inductor's lowering table.
prod.int_out,reduction,False,yes,"[""CPU, CUDA"", ""MPS""]","[""reduction""]",Op prod.int_out has explicit lowering in Inductor's lowering table.
prod.dim_Dimname,reduction,False,yes,[],"[""reduction""]",Op prod.dim_Dimname has explicit lowering in Inductor's lowering table.
prod.Dimname_out,reduction,False,yes,[],"[""reduction""]",Op prod.Dimname_out has explicit lowering in Inductor's lowering table.
tan,pointwise,False,likely_yes,"[""SparseCPU, SparseCUDA, SparseMPS"", ""SparseCsrCPU, SparseCsrCUDA, SparseCsrMeta""]","[""core"", ""pointwise""]",Pointwise op likely handled by Inductor's generic pointwise path with Triton on CUDA. Inductor handles pointwise ops generically and uses Triton for GPU codegen. Most pointwise ops are likely covered.
tan_,pointwise,False,likely_yes,"[""SparseCPU, SparseCUDA, SparseMPS"", ""SparseCsrCPU, SparseCsrCUDA, SparseCsrMeta""]","[""pointwise""]",Pointwise op likely handled by Inductor's generic pointwise path with Triton on CUDA. Inductor handles pointwise ops generically and uses Triton for GPU codegen. Most pointwise ops are likely covered.
tan.out,pointwise,False,likely_yes,"[""CPU, CUDA, MPS"", ""SparseCPU, SparseCUDA, SparseMPS"", ""SparseCsrCPU, SparseCsrCUDA, SparseCsrMeta""]","[""pointwise""]",Pointwise op likely handled by Inductor's generic pointwise path with Triton on CUDA. Inductor handles pointwise ops generically and uses Triton for GPU codegen. Most pointwise ops are likely covered.
tanh,pointwise,False,likely_yes,"[""QuantizedCPU"", ""MkldnnCPU"", ""SparseCPU, SparseCUDA, SparseMPS"", ""SparseCsrCPU, SparseCsrCUDA, SparseCsrMeta"", ""NestedTensorCPU, NestedTensorHPU, NestedTensorCUDA""]","[""core"", ""pointwise""]",Pointwise op likely handled by Inductor's generic pointwise path with Triton on CUDA. Inductor handles pointwise ops generically and uses Triton for GPU codegen. Most pointwise ops are likely covered.
tanh_,pointwise,False,likely_yes,"[""MkldnnCPU"", ""SparseCPU, SparseCUDA, SparseMPS"", ""SparseCsrCPU, SparseCsrCUDA, SparseCsrMeta"", ""NestedTensorCPU, NestedTensorHPU, NestedTensorCUDA""]","[""pointwise""]",Pointwise op likely handled by Inductor's generic pointwise path with Triton on CUDA. Inductor handles pointwise ops generically and uses Triton for GPU codegen. Most pointwise ops are likely covered.
tanh.out,pointwise,False,likely_yes,"[""CPU, CUDA, MPS, MTIA"", ""SparseCPU, SparseCUDA, SparseMPS"", ""SparseCsrCPU, SparseCsrCUDA, SparseCsrMeta""]","[""pointwise""]",Pointwise op likely handled by Inductor's generic pointwise path with Triton on CUDA. Inductor handles pointwise ops generically and uses Triton for GPU codegen. Most pointwise ops are likely covered.
threshold,pointwise,False,likely_yes,"[""QuantizedCPU""]","[""pointwise""]",Pointwise op likely handled by Inductor's generic pointwise path with Triton on CUDA. Inductor handles pointwise ops generically and uses Triton for GPU codegen. Most pointwise ops are likely covered.
threshold_backward,pointwise,False,likely_yes,"[""MkldnnCPU"", ""SparseCPU, SparseCUDA"", ""SparseCsrCPU, SparseCsrCUDA, SparseCsrMeta"", ""NestedTensorCPU, NestedTensorHPU, NestedTensorCUDA""]","[""pointwise""]",Pointwise op likely handled by Inductor's generic pointwise path with Triton on CUDA. Inductor handles pointwise ops generically and uses Triton for GPU codegen. Most pointwise ops are likely covered.
trunc,pointwise,False,yes,"[""SparseCPU, SparseCUDA, SparseMPS"", ""SparseCsrCPU, SparseCsrCUDA, SparseCsrMPS, SparseCsrMeta""]","[""core"", ""pointwise""]",Op trunc has explicit lowering in Inductor's lowering table.
trunc_,pointwise,False,likely_yes,"[""SparseCPU, SparseCUDA, SparseMPS"", ""SparseCsrCPU, SparseCsrCUDA, SparseCsrMPS, SparseCsrMeta""]","[""pointwise""]",Pointwise op likely handled by Inductor's generic pointwise path with Triton on CUDA. Inductor handles pointwise ops generically and uses Triton for GPU codegen. Most pointwise ops are likely covered.
trunc.out,pointwise,False,yes,"[""CPU, CUDA, MPS"", ""SparseCPU, SparseCUDA, SparseMPS"", ""SparseCsrCPU, SparseCsrCUDA, SparseCsrMPS, SparseCsrMeta""]","[""pointwise""]",Op trunc.out has explicit lowering in Inductor's lowering table.
var,reduction,False,likely_yes,[],"[""reduction""]",Reduction op likely handled by Inductor's reduction path with Triton on CUDA. Inductor handles reduction ops and uses Triton for GPU codegen. Many reduction ops are likely covered.
var.dim,reduction,False,likely_yes,[],"[""core"", ""reduction""]",Reduction op likely handled by Inductor's reduction path with Triton on CUDA. Inductor handles reduction ops and uses Triton for GPU codegen. Many reduction ops are likely covered.
var.correction,reduction,False,likely_yes,"[""CPU, CUDA"", ""MPS"", ""MTIA""]","[""core"", ""reduction""]",Reduction op likely handled by Inductor's reduction path with Triton on CUDA. Inductor handles reduction ops and uses Triton for GPU codegen. Many reduction ops are likely covered.
var.out,reduction,False,likely_yes,[],"[""reduction""]",Reduction op likely handled by Inductor's reduction path with Triton on CUDA. Inductor handles reduction ops and uses Triton for GPU codegen. Many reduction ops are likely covered.
var.correction_out,reduction,False,likely_yes,"[""CPU, CUDA""]","[""reduction""]",Reduction op likely handled by Inductor's reduction path with Triton on CUDA. Inductor handles reduction ops and uses Triton for GPU codegen. Many reduction ops are likely covered.
var.names_dim,reduction,False,likely_yes,[],"[""reduction""]",Reduction op likely handled by Inductor's reduction path with Triton on CUDA. Inductor handles reduction ops and uses Triton for GPU codegen. Many reduction ops are likely covered.
var.names_out,reduction,False,likely_yes,[],"[""reduction""]",Reduction op likely handled by Inductor's reduction path with Triton on CUDA. Inductor handles reduction ops and uses Triton for GPU codegen. Many reduction ops are likely covered.
var.correction_names,reduction,False,likely_yes,[],"[""reduction""]",Reduction op likely handled by Inductor's reduction path with Triton on CUDA. Inductor handles reduction ops and uses Triton for GPU codegen. Many reduction ops are likely covered.
var.correction_names_out,reduction,False,likely_yes,[],"[""reduction""]",Reduction op likely handled by Inductor's reduction path with Triton on CUDA. Inductor handles reduction ops and uses Triton for GPU codegen. Many reduction ops are likely covered.
var_mean,reduction,False,yes,[],"[""reduction""]",Op var_mean has explicit lowering in Inductor's lowering table.
var_mean.dim,reduction,False,yes,[],"[""reduction""]",Op var_mean.dim has explicit lowering in Inductor's lowering table.
var_mean.correction,reduction,False,yes,"[""CPU, CUDA"", ""MPS""]","[""reduction""]",Op var_mean.correction has explicit lowering in Inductor's lowering table.
var_mean.names_dim,reduction,False,yes,[],"[""reduction""]",Op var_mean.names_dim has explicit lowering in Inductor's lowering table.
var_mean.correction_names,reduction,False,yes,[],"[""reduction""]",Op var_mean.correction_names has explicit lowering in Inductor's lowering table.
where.self,pointwise,False,yes,"[""CPU, CUDA, MPS, MTIA"", ""NestedTensorCPU, NestedTensorHPU, NestedTensorCUDA""]","[""core"", ""pointwise""]",Op where.self has explicit lowering in Inductor's lowering table.
norm.ScalarOpt_dtype,reduction,False,likely_yes,"[""CompositeExplicitAutograd""]","[""reduction""]",Reduction op likely handled by Inductor's reduction path with Triton on CUDA. Inductor handles reduction ops and uses Triton for GPU codegen. Many reduction ops are likely covered.
norm.Scalar,reduction,False,likely_yes,"[""CompositeExplicitAutograd""]","[""reduction""]",Reduction op likely handled by Inductor's reduction path with Triton on CUDA. Inductor handles reduction ops and uses Triton for GPU codegen. Many reduction ops are likely covered.
norm.ScalarOpt_dim_dtype,reduction,False,likely_yes,"[""SparseCPU, SparseCUDA, SparseMPS""]","[""reduction""]",Reduction op likely handled by Inductor's reduction path with Triton on CUDA. Inductor handles reduction ops and uses Triton for GPU codegen. Many reduction ops are likely covered.
norm.ScalarOpt_dim,reduction,False,likely_yes,"[""SparseCPU, SparseCUDA, SparseMPS""]","[""reduction""]",Reduction op likely handled by Inductor's reduction path with Triton on CUDA. Inductor handles reduction ops and uses Triton for GPU codegen. Many reduction ops are likely covered.
norm.dtype_out,reduction,False,likely_yes,"[""CPU, CUDA"", ""MPS""]","[""reduction""]",Reduction op likely handled by Inductor's reduction path with Triton on CUDA. Inductor handles reduction ops and uses Triton for GPU codegen. Many reduction ops are likely covered.
norm.out,reduction,False,likely_yes,"[""CPU, CUDA"", ""MPS""]","[""reduction""]",Reduction op likely handled by Inductor's reduction path with Triton on CUDA. Inductor handles reduction ops and uses Triton for GPU codegen. Many reduction ops are likely covered.
norm.names_ScalarOpt_dim_dtype,reduction,False,likely_yes,[],"[""reduction""]",Reduction op likely handled by Inductor's reduction path with Triton on CUDA. Inductor handles reduction ops and uses Triton for GPU codegen. Many reduction ops are likely covered.
norm.names_ScalarOpt_dim,reduction,False,likely_yes,[],"[""reduction""]",Reduction op likely handled by Inductor's reduction path with Triton on CUDA. Inductor handles reduction ops and uses Triton for GPU codegen. Many reduction ops are likely covered.
norm.names_dtype_out,reduction,False,likely_yes,[],"[""reduction""]",Reduction op likely handled by Inductor's reduction path with Triton on CUDA. Inductor handles reduction ops and uses Triton for GPU codegen. Many reduction ops are likely covered.
norm.names_out,reduction,False,likely_yes,[],"[""reduction""]",Reduction op likely handled by Inductor's reduction path with Triton on CUDA. Inductor handles reduction ops and uses Triton for GPU codegen. Many reduction ops are likely covered.
frexp.Tensor,pointwise,False,yes,"[""CompositeExplicitAutograd""]","[""pointwise""]",Op frexp.Tensor has explicit lowering in Inductor's lowering table.
frexp.Tensor_out,pointwise,False,yes,"[""CPU, CUDA""]","[""pointwise""]",Op frexp.Tensor_out has explicit lowering in Inductor's lowering table.
clone,pointwise,False,yes,"[""CompositeExplicitAutograd"", ""SparseCPU, SparseCUDA, SparseMPS"", ""SparseCsrCPU, SparseCsrCUDA, SparseCsrMeta"", ""MkldnnCPU"", ""QuantizedCPU, QuantizedCUDA"", ""NestedTensorCPU, NestedTensorHPU, NestedTensorCUDA""]","[""core"", ""pointwise""]",Op clone has explicit lowering in Inductor's lowering table.
positive,pointwise,False,likely_yes,[],"[""pointwise""]",Pointwise op likely handled by Inductor's generic pointwise path with Triton on CUDA. Inductor handles pointwise ops generically and uses Triton for GPU codegen. Most pointwise ops are likely covered.
sub.out,pointwise,False,likely_yes,"[""CPU, CUDA"", ""MPS"", ""MTIA"", ""SparseCPU, SparseCUDA, SparseMPS""]","[""pointwise""]",Pointwise op likely handled by Inductor's generic pointwise path with Triton on CUDA. Inductor handles pointwise ops generically and uses Triton for GPU codegen. Most pointwise ops are likely covered.
sub.Tensor,pointwise,False,likely_yes,"[""SparseCPU, SparseCUDA, SparseMPS"", ""ZeroTensor"", ""NestedTensorCPU, NestedTensorHPU, NestedTensorCUDA""]","[""core"", ""pointwise""]",Pointwise op likely handled by Inductor's generic pointwise path with Triton on CUDA. Inductor handles pointwise ops generically and uses Triton for GPU codegen. Most pointwise ops are likely covered.
sub_.Tensor,pointwise,False,likely_yes,"[""SparseCPU, SparseCUDA, SparseMPS""]","[""pointwise""]",Pointwise op likely handled by Inductor's generic pointwise path with Triton on CUDA. Inductor handles pointwise ops generically and uses Triton for GPU codegen. Most pointwise ops are likely covered.
sub.Scalar,pointwise,False,likely_yes,"[""CompositeExplicitAutograd""]","[""core"", ""pointwise""]",Pointwise op likely handled by Inductor's generic pointwise path with Triton on CUDA. Inductor handles pointwise ops generically and uses Triton for GPU codegen. Most pointwise ops are likely covered.
sub_.Scalar,pointwise,False,likely_yes,"[""CompositeExplicitAutograd""]","[""pointwise""]",Pointwise op likely handled by Inductor's generic pointwise path with Triton on CUDA. Inductor handles pointwise ops generically and uses Triton for GPU codegen. Most pointwise ops are likely covered.
heaviside.out,pointwise,False,likely_yes,"[""CPU, CUDA""]","[""pointwise""]",Pointwise op likely handled by Inductor's generic pointwise path with Triton on CUDA. Inductor handles pointwise ops generically and uses Triton for GPU codegen. Most pointwise ops are likely covered.
heaviside,pointwise,False,likely_yes,[],"[""pointwise""]",Pointwise op likely handled by Inductor's generic pointwise path with Triton on CUDA. Inductor handles pointwise ops generically and uses Triton for GPU codegen. Most pointwise ops are likely covered.
rsub.Scalar,pointwise,False,likely_yes,"[""CompositeExplicitAutograd""]","[""pointwise""]",Pointwise op likely handled by Inductor's generic pointwise path with Triton on CUDA. Inductor handles pointwise ops generically and uses Triton for GPU codegen. Most pointwise ops are likely covered.
masked_fill.Scalar,pointwise,False,likely_yes,"[""CompositeExplicitAutograd"", ""NestedTensorCPU, NestedTensorHPU, NestedTensorCUDA""]","[""pointwise""]",Pointwise op likely handled by Inductor's generic pointwise path with Triton on CUDA. Inductor handles pointwise ops generically and uses Triton for GPU codegen. Most pointwise ops are likely covered.
bitwise_and.Tensor_out,pointwise,False,likely_yes,"[""CPU, CUDA, MTIA"", ""MPS""]","[""pointwise""]",Pointwise op likely handled by Inductor's generic pointwise path with Triton on CUDA. Inductor handles pointwise ops generically and uses Triton for GPU codegen. Most pointwise ops are likely covered.
bitwise_and.Scalar_out,pointwise,False,likely_yes,"[""CompositeExplicitAutograd""]","[""pointwise""]",Pointwise op likely handled by Inductor's generic pointwise path with Triton on CUDA. Inductor handles pointwise ops generically and uses Triton for GPU codegen. Most pointwise ops are likely covered.
bitwise_and.Scalar,pointwise,False,likely_yes,"[""CompositeExplicitAutograd""]","[""core"", ""pointwise""]",Pointwise op likely handled by Inductor's generic pointwise path with Triton on CUDA. Inductor handles pointwise ops generically and uses Triton for GPU codegen. Most pointwise ops are likely covered.
bitwise_and.Scalar_Tensor,pointwise,False,likely_yes,"[""CompositeExplicitAutograd""]","[""pointwise""]",Pointwise op likely handled by Inductor's generic pointwise path with Triton on CUDA. Inductor handles pointwise ops generically and uses Triton for GPU codegen. Most pointwise ops are likely covered.
bitwise_and.Tensor,pointwise,False,likely_yes,[],"[""core"", ""pointwise""]",Pointwise op likely handled by Inductor's generic pointwise path with Triton on CUDA. Inductor handles pointwise ops generically and uses Triton for GPU codegen. Most pointwise ops are likely covered.
bitwise_and_.Scalar,pointwise,False,likely_yes,"[""CompositeExplicitAutograd""]","[""pointwise""]",Pointwise op likely handled by Inductor's generic pointwise path with Triton on CUDA. Inductor handles pointwise ops generically and uses Triton for GPU codegen. Most pointwise ops are likely covered.
bitwise_and_.Tensor,pointwise,False,likely_yes,[],"[""pointwise""]",Pointwise op likely handled by Inductor's generic pointwise path with Triton on CUDA. Inductor handles pointwise ops generically and uses Triton for GPU codegen. Most pointwise ops are likely covered.
bitwise_or.Tensor_out,pointwise,False,likely_yes,"[""CPU, CUDA, MTIA"", ""MPS""]","[""pointwise""]",Pointwise op likely handled by Inductor's generic pointwise path with Triton on CUDA. Inductor handles pointwise ops generically and uses Triton for GPU codegen. Most pointwise ops are likely covered.
bitwise_or.Scalar_out,pointwise,False,likely_yes,"[""CompositeExplicitAutograd""]","[""pointwise""]",Pointwise op likely handled by Inductor's generic pointwise path with Triton on CUDA. Inductor handles pointwise ops generically and uses Triton for GPU codegen. Most pointwise ops are likely covered.
bitwise_or.Scalar,pointwise,False,likely_yes,"[""CompositeExplicitAutograd""]","[""core"", ""pointwise""]",Pointwise op likely handled by Inductor's generic pointwise path with Triton on CUDA. Inductor handles pointwise ops generically and uses Triton for GPU codegen. Most pointwise ops are likely covered.
bitwise_or.Scalar_Tensor,pointwise,False,likely_yes,"[""CompositeExplicitAutograd""]","[""pointwise""]",Pointwise op likely handled by Inductor's generic pointwise path with Triton on CUDA. Inductor handles pointwise ops generically and uses Triton for GPU codegen. Most pointwise ops are likely covered.
bitwise_or.Tensor,pointwise,False,likely_yes,[],"[""core"", ""pointwise""]",Pointwise op likely handled by Inductor's generic pointwise path with Triton on CUDA. Inductor handles pointwise ops generically and uses Triton for GPU codegen. Most pointwise ops are likely covered.
bitwise_or_.Scalar,pointwise,False,likely_yes,"[""CompositeExplicitAutograd""]","[""pointwise""]",Pointwise op likely handled by Inductor's generic pointwise path with Triton on CUDA. Inductor handles pointwise ops generically and uses Triton for GPU codegen. Most pointwise ops are likely covered.
bitwise_or_.Tensor,pointwise,False,likely_yes,[],"[""pointwise""]",Pointwise op likely handled by Inductor's generic pointwise path with Triton on CUDA. Inductor handles pointwise ops generically and uses Triton for GPU codegen. Most pointwise ops are likely covered.
bitwise_xor.Tensor_out,pointwise,False,likely_yes,"[""CPU, CUDA"", ""MPS""]","[""pointwise""]",Pointwise op likely handled by Inductor's generic pointwise path with Triton on CUDA. Inductor handles pointwise ops generically and uses Triton for GPU codegen. Most pointwise ops are likely covered.
bitwise_xor.Scalar_out,pointwise,False,likely_yes,"[""CompositeExplicitAutograd""]","[""pointwise""]",Pointwise op likely handled by Inductor's generic pointwise path with Triton on CUDA. Inductor handles pointwise ops generically and uses Triton for GPU codegen. Most pointwise ops are likely covered.
bitwise_xor.Scalar,pointwise,False,likely_yes,"[""CompositeExplicitAutograd""]","[""core"", ""pointwise""]",Pointwise op likely handled by Inductor's generic pointwise path with Triton on CUDA. Inductor handles pointwise ops generically and uses Triton for GPU codegen. Most pointwise ops are likely covered.
bitwise_xor.Scalar_Tensor,pointwise,False,likely_yes,"[""CompositeExplicitAutograd""]","[""pointwise""]",Pointwise op likely handled by Inductor's generic pointwise path with Triton on CUDA. Inductor handles pointwise ops generically and uses Triton for GPU codegen. Most pointwise ops are likely covered.
bitwise_xor.Tensor,pointwise,False,likely_yes,[],"[""core"", ""pointwise""]",Pointwise op likely handled by Inductor's generic pointwise path with Triton on CUDA. Inductor handles pointwise ops generically and uses Triton for GPU codegen. Most pointwise ops are likely covered.
bitwise_xor_.Scalar,pointwise,False,likely_yes,"[""CompositeExplicitAutograd""]","[""pointwise""]",Pointwise op likely handled by Inductor's generic pointwise path with Triton on CUDA. Inductor handles pointwise ops generically and uses Triton for GPU codegen. Most pointwise ops are likely covered.
bitwise_xor_.Tensor,pointwise,False,likely_yes,[],"[""pointwise""]",Pointwise op likely handled by Inductor's generic pointwise path with Triton on CUDA. Inductor handles pointwise ops generically and uses Triton for GPU codegen. Most pointwise ops are likely covered.
__xor__.Scalar,pointwise,False,yes,[],"[""pointwise""]",Op __xor__.Scalar has explicit lowering in Inductor's lowering table.
__xor__.Tensor,pointwise,False,yes,[],"[""pointwise""]",Op __xor__.Tensor has explicit lowering in Inductor's lowering table.
__ixor__.Scalar,pointwise,False,likely_yes,[],"[""pointwise""]",Pointwise op likely handled by Inductor's generic pointwise path with Triton on CUDA. Inductor handles pointwise ops generically and uses Triton for GPU codegen. Most pointwise ops are likely covered.
__ixor__.Tensor,pointwise,False,likely_yes,[],"[""pointwise""]",Pointwise op likely handled by Inductor's generic pointwise path with Triton on CUDA. Inductor handles pointwise ops generically and uses Triton for GPU codegen. Most pointwise ops are likely covered.
__lshift__.Scalar,pointwise,False,yes,"[""CPU, CUDA, MPS, MTIA""]","[""pointwise""]",Op __lshift__.Scalar has explicit lowering in Inductor's lowering table.
__lshift__.Tensor,pointwise,False,yes,"[""CPU, CUDA, MPS, MTIA""]","[""pointwise""]",Op __lshift__.Tensor has explicit lowering in Inductor's lowering table.
__ilshift__.Scalar,pointwise,False,likely_yes,"[""CPU, CUDA, MPS""]","[""pointwise""]",Pointwise op likely handled by Inductor's generic pointwise path with Triton on CUDA. Inductor handles pointwise ops generically and uses Triton for GPU codegen. Most pointwise ops are likely covered.
__ilshift__.Tensor,pointwise,False,likely_yes,"[""CPU, CUDA, MPS""]","[""pointwise""]",Pointwise op likely handled by Inductor's generic pointwise path with Triton on CUDA. Inductor handles pointwise ops generically and uses Triton for GPU codegen. Most pointwise ops are likely covered.
bitwise_left_shift.Tensor,pointwise,False,likely_yes,[],"[""pointwise""]",Pointwise op likely handled by Inductor's generic pointwise path with Triton on CUDA. Inductor handles pointwise ops generically and uses Triton for GPU codegen. Most pointwise ops are likely covered.
bitwise_left_shift_.Tensor,pointwise,False,likely_yes,[],"[""pointwise""]",Pointwise op likely handled by Inductor's generic pointwise path with Triton on CUDA. Inductor handles pointwise ops generically and uses Triton for GPU codegen. Most pointwise ops are likely covered.
bitwise_left_shift.Tensor_out,pointwise,False,likely_yes,"[""CPU, CUDA, MPS""]","[""pointwise""]",Pointwise op likely handled by Inductor's generic pointwise path with Triton on CUDA. Inductor handles pointwise ops generically and uses Triton for GPU codegen. Most pointwise ops are likely covered.
bitwise_left_shift.Tensor_Scalar,pointwise,False,likely_yes,"[""CompositeExplicitAutograd""]","[""pointwise""]",Pointwise op likely handled by Inductor's generic pointwise path with Triton on CUDA. Inductor handles pointwise ops generically and uses Triton for GPU codegen. Most pointwise ops are likely covered.
bitwise_left_shift_.Tensor_Scalar,pointwise,False,likely_yes,"[""CompositeExplicitAutograd""]","[""pointwise""]",Pointwise op likely handled by Inductor's generic pointwise path with Triton on CUDA. Inductor handles pointwise ops generically and uses Triton for GPU codegen. Most pointwise ops are likely covered.
bitwise_left_shift.Tensor_Scalar_out,pointwise,False,likely_yes,"[""CompositeExplicitAutograd""]","[""pointwise""]",Pointwise op likely handled by Inductor's generic pointwise path with Triton on CUDA. Inductor handles pointwise ops generically and uses Triton for GPU codegen. Most pointwise ops are likely covered.
bitwise_left_shift.Scalar_Tensor,pointwise,False,likely_yes,"[""CompositeExplicitAutograd""]","[""pointwise""]",Pointwise op likely handled by Inductor's generic pointwise path with Triton on CUDA. Inductor handles pointwise ops generically and uses Triton for GPU codegen. Most pointwise ops are likely covered.
__rshift__.Scalar,pointwise,False,yes,"[""CPU, CUDA, MPS, MTIA""]","[""pointwise""]",Op __rshift__.Scalar has explicit lowering in Inductor's lowering table.
__rshift__.Tensor,pointwise,False,yes,"[""CPU, CUDA, MPS, MTIA""]","[""pointwise""]",Op __rshift__.Tensor has explicit lowering in Inductor's lowering table.
bitwise_right_shift.Tensor,pointwise,False,likely_yes,[],"[""pointwise""]",Pointwise op likely handled by Inductor's generic pointwise path with Triton on CUDA. Inductor handles pointwise ops generically and uses Triton for GPU codegen. Most pointwise ops are likely covered.
bitwise_right_shift_.Tensor,pointwise,False,likely_yes,[],"[""pointwise""]",Pointwise op likely handled by Inductor's generic pointwise path with Triton on CUDA. Inductor handles pointwise ops generically and uses Triton for GPU codegen. Most pointwise ops are likely covered.
bitwise_right_shift.Tensor_out,pointwise,False,likely_yes,"[""CPU, CUDA, MPS""]","[""pointwise""]",Pointwise op likely handled by Inductor's generic pointwise path with Triton on CUDA. Inductor handles pointwise ops generically and uses Triton for GPU codegen. Most pointwise ops are likely covered.
bitwise_right_shift.Tensor_Scalar,pointwise,False,likely_yes,"[""CompositeExplicitAutograd""]","[""pointwise""]",Pointwise op likely handled by Inductor's generic pointwise path with Triton on CUDA. Inductor handles pointwise ops generically and uses Triton for GPU codegen. Most pointwise ops are likely covered.
bitwise_right_shift_.Tensor_Scalar,pointwise,False,likely_yes,"[""CompositeExplicitAutograd""]","[""pointwise""]",Pointwise op likely handled by Inductor's generic pointwise path with Triton on CUDA. Inductor handles pointwise ops generically and uses Triton for GPU codegen. Most pointwise ops are likely covered.
bitwise_right_shift.Tensor_Scalar_out,pointwise,False,likely_yes,"[""CompositeExplicitAutograd""]","[""pointwise""]",Pointwise op likely handled by Inductor's generic pointwise path with Triton on CUDA. Inductor handles pointwise ops generically and uses Triton for GPU codegen. Most pointwise ops are likely covered.
bitwise_right_shift.Scalar_Tensor,pointwise,False,likely_yes,"[""CompositeExplicitAutograd""]","[""pointwise""]",Pointwise op likely handled by Inductor's generic pointwise path with Triton on CUDA. Inductor handles pointwise ops generically and uses Triton for GPU codegen. Most pointwise ops are likely covered.
digamma_,pointwise,False,likely_yes,[],"[""pointwise""]",Pointwise op likely handled by Inductor's generic pointwise path with Triton on CUDA. Inductor handles pointwise ops generically and uses Triton for GPU codegen. Most pointwise ops are likely covered.
lerp_.Scalar,pointwise,False,likely_yes,[],"[""pointwise""]",Pointwise op likely handled by Inductor's generic pointwise path with Triton on CUDA. Inductor handles pointwise ops generically and uses Triton for GPU codegen. Most pointwise ops are likely covered.
lerp_.Tensor,pointwise,False,likely_yes,[],"[""pointwise""]",Pointwise op likely handled by Inductor's generic pointwise path with Triton on CUDA. Inductor handles pointwise ops generically and uses Triton for GPU codegen. Most pointwise ops are likely covered.
ne.Scalar_out,pointwise,False,likely_yes,"[""CPU, CUDA, MTIA"", ""MPS"", ""QuantizedCPU""]","[""pointwise""]",Pointwise op likely handled by Inductor's generic pointwise path with Triton on CUDA. Inductor handles pointwise ops generically and uses Triton for GPU codegen. Most pointwise ops are likely covered.
ne.Scalar,pointwise,False,likely_yes,"[""QuantizedCPU""]","[""core"", ""pointwise""]",Pointwise op likely handled by Inductor's generic pointwise path with Triton on CUDA. Inductor handles pointwise ops generically and uses Triton for GPU codegen. Most pointwise ops are likely covered.
ne.Tensor_out,pointwise,False,likely_yes,"[""CPU, CUDA, MTIA"", ""MPS"", ""QuantizedCPU""]","[""pointwise""]",Pointwise op likely handled by Inductor's generic pointwise path with Triton on CUDA. Inductor handles pointwise ops generically and uses Triton for GPU codegen. Most pointwise ops are likely covered.
ne.Tensor,pointwise,False,likely_yes,"[""QuantizedCPU""]","[""core"", ""pointwise""]",Pointwise op likely handled by Inductor's generic pointwise path with Triton on CUDA. Inductor handles pointwise ops generically and uses Triton for GPU codegen. Most pointwise ops are likely covered.
eq.Scalar_out,pointwise,False,likely_yes,"[""CPU, CUDA, MTIA"", ""MPS"", ""QuantizedCPU""]","[""pointwise""]",Pointwise op likely handled by Inductor's generic pointwise path with Triton on CUDA. Inductor handles pointwise ops generically and uses Triton for GPU codegen. Most pointwise ops are likely covered.
eq.Scalar,pointwise,False,likely_yes,"[""QuantizedCPU"", ""NestedTensorCPU, NestedTensorHPU, NestedTensorCUDA""]","[""core"", ""pointwise""]",Pointwise op likely handled by Inductor's generic pointwise path with Triton on CUDA. Inductor handles pointwise ops generically and uses Triton for GPU codegen. Most pointwise ops are likely covered.
eq.Tensor_out,pointwise,False,likely_yes,"[""CPU, CUDA, MTIA"", ""MPS"", ""QuantizedCPU""]","[""pointwise""]",Pointwise op likely handled by Inductor's generic pointwise path with Triton on CUDA. Inductor handles pointwise ops generically and uses Triton for GPU codegen. Most pointwise ops are likely covered.
eq.Tensor,pointwise,False,likely_yes,"[""QuantizedCPU"", ""NestedTensorCPU, NestedTensorHPU, NestedTensorCUDA""]","[""core"", ""pointwise""]",Pointwise op likely handled by Inductor's generic pointwise path with Triton on CUDA. Inductor handles pointwise ops generically and uses Triton for GPU codegen. Most pointwise ops are likely covered.
ge.Scalar_out,pointwise,False,likely_yes,"[""CPU, CUDA, MTIA"", ""MPS"", ""QuantizedCPU""]","[""pointwise""]",Pointwise op likely handled by Inductor's generic pointwise path with Triton on CUDA. Inductor handles pointwise ops generically and uses Triton for GPU codegen. Most pointwise ops are likely covered.
ge.Scalar,pointwise,False,likely_yes,"[""QuantizedCPU"", ""NestedTensorCPU, NestedTensorHPU, NestedTensorCUDA""]","[""core"", ""pointwise""]",Pointwise op likely handled by Inductor's generic pointwise path with Triton on CUDA. Inductor handles pointwise ops generically and uses Triton for GPU codegen. Most pointwise ops are likely covered.
ge.Tensor_out,pointwise,False,likely_yes,"[""CPU, CUDA, MTIA"", ""MPS"", ""QuantizedCPU""]","[""pointwise""]",Pointwise op likely handled by Inductor's generic pointwise path with Triton on CUDA. Inductor handles pointwise ops generically and uses Triton for GPU codegen. Most pointwise ops are likely covered.
ge.Tensor,pointwise,False,likely_yes,"[""QuantizedCPU""]","[""core"", ""pointwise""]",Pointwise op likely handled by Inductor's generic pointwise path with Triton on CUDA. Inductor handles pointwise ops generically and uses Triton for GPU codegen. Most pointwise ops are likely covered.
le.Scalar_out,pointwise,False,likely_yes,"[""CPU, CUDA, MTIA"", ""MPS"", ""QuantizedCPU""]","[""pointwise""]",Pointwise op likely handled by Inductor's generic pointwise path with Triton on CUDA. Inductor handles pointwise ops generically and uses Triton for GPU codegen. Most pointwise ops are likely covered.
le.Scalar,pointwise,False,likely_yes,"[""QuantizedCPU""]","[""core"", ""pointwise""]",Pointwise op likely handled by Inductor's generic pointwise path with Triton on CUDA. Inductor handles pointwise ops generically and uses Triton for GPU codegen. Most pointwise ops are likely covered.
le.Tensor_out,pointwise,False,likely_yes,"[""CPU, CUDA, MTIA"", ""MPS"", ""QuantizedCPU""]","[""pointwise""]",Pointwise op likely handled by Inductor's generic pointwise path with Triton on CUDA. Inductor handles pointwise ops generically and uses Triton for GPU codegen. Most pointwise ops are likely covered.
le.Tensor,pointwise,False,likely_yes,"[""QuantizedCPU""]","[""core"", ""pointwise""]",Pointwise op likely handled by Inductor's generic pointwise path with Triton on CUDA. Inductor handles pointwise ops generically and uses Triton for GPU codegen. Most pointwise ops are likely covered.
gt.Scalar_out,pointwise,False,likely_yes,"[""CPU, CUDA,MTIA"", ""MPS"", ""QuantizedCPU""]","[""pointwise""]",Pointwise op likely handled by Inductor's generic pointwise path with Triton on CUDA. Inductor handles pointwise ops generically and uses Triton for GPU codegen. Most pointwise ops are likely covered.
gt.Scalar,pointwise,False,likely_yes,"[""QuantizedCPU"", ""NestedTensorCPU, NestedTensorHPU, NestedTensorCUDA""]","[""core"", ""pointwise""]",Pointwise op likely handled by Inductor's generic pointwise path with Triton on CUDA. Inductor handles pointwise ops generically and uses Triton for GPU codegen. Most pointwise ops are likely covered.
gt.Tensor_out,pointwise,False,likely_yes,"[""CPU, CUDA, MTIA"", ""MPS"", ""QuantizedCPU""]","[""pointwise""]",Pointwise op likely handled by Inductor's generic pointwise path with Triton on CUDA. Inductor handles pointwise ops generically and uses Triton for GPU codegen. Most pointwise ops are likely covered.
gt.Tensor,pointwise,False,likely_yes,"[""QuantizedCPU""]","[""core"", ""pointwise""]",Pointwise op likely handled by Inductor's generic pointwise path with Triton on CUDA. Inductor handles pointwise ops generically and uses Triton for GPU codegen. Most pointwise ops are likely covered.
lt.Scalar_out,pointwise,False,likely_yes,"[""CPU, CUDA, MTIA"", ""MPS"", ""QuantizedCPU""]","[""pointwise""]",Pointwise op likely handled by Inductor's generic pointwise path with Triton on CUDA. Inductor handles pointwise ops generically and uses Triton for GPU codegen. Most pointwise ops are likely covered.
lt.Scalar,pointwise,False,likely_yes,"[""QuantizedCPU""]","[""core"", ""pointwise""]",Pointwise op likely handled by Inductor's generic pointwise path with Triton on CUDA. Inductor handles pointwise ops generically and uses Triton for GPU codegen. Most pointwise ops are likely covered.
lt.Tensor_out,pointwise,False,likely_yes,"[""CPU, CUDA, MTIA"", ""MPS"", ""QuantizedCPU""]","[""pointwise""]",Pointwise op likely handled by Inductor's generic pointwise path with Triton on CUDA. Inductor handles pointwise ops generically and uses Triton for GPU codegen. Most pointwise ops are likely covered.
lt.Tensor,pointwise,False,likely_yes,"[""QuantizedCPU""]","[""core"", ""pointwise""]",Pointwise op likely handled by Inductor's generic pointwise path with Triton on CUDA. Inductor handles pointwise ops generically and uses Triton for GPU codegen. Most pointwise ops are likely covered.
addcmul.out,pointwise,False,yes,"[""CPU, CUDA, MTIA"", ""MPS""]","[""pointwise""]",Op addcmul.out has explicit lowering in Inductor's lowering table.
addcmul,pointwise,False,yes,[],"[""pointwise""]",Op addcmul has explicit lowering in Inductor's lowering table.
addcmul_,pointwise,False,likely_yes,[],"[""pointwise""]",Pointwise op likely handled by Inductor's generic pointwise path with Triton on CUDA. Inductor handles pointwise ops generically and uses Triton for GPU codegen. Most pointwise ops are likely covered.
addcdiv.out,pointwise,False,likely_yes,"[""CPU, CUDA, MTIA"", ""MPS""]","[""pointwise""]",Pointwise op likely handled by Inductor's generic pointwise path with Triton on CUDA. Inductor handles pointwise ops generically and uses Triton for GPU codegen. Most pointwise ops are likely covered.
addcdiv,pointwise,False,likely_yes,[],"[""pointwise""]",Pointwise op likely handled by Inductor's generic pointwise path with Triton on CUDA. Inductor handles pointwise ops generically and uses Triton for GPU codegen. Most pointwise ops are likely covered.
addcdiv_,pointwise,False,likely_yes,[],"[""pointwise""]",Pointwise op likely handled by Inductor's generic pointwise path with Triton on CUDA. Inductor handles pointwise ops generically and uses Triton for GPU codegen. Most pointwise ops are likely covered.
lgamma.out,pointwise,False,likely_yes,"[""CPU, CUDA"", ""MPS""]","[""pointwise""]",Pointwise op likely handled by Inductor's generic pointwise path with Triton on CUDA. Inductor handles pointwise ops generically and uses Triton for GPU codegen. Most pointwise ops are likely covered.
lgamma_,pointwise,False,likely_yes,[],"[""pointwise""]",Pointwise op likely handled by Inductor's generic pointwise path with Triton on CUDA. Inductor handles pointwise ops generically and uses Triton for GPU codegen. Most pointwise ops are likely covered.
lgamma,pointwise,False,likely_yes,[],"[""pointwise""]",Pointwise op likely handled by Inductor's generic pointwise path with Triton on CUDA. Inductor handles pointwise ops generically and uses Triton for GPU codegen. Most pointwise ops are likely covered.
digamma.out,pointwise,False,likely_yes,"[""CPU, CUDA"", ""MPS""]","[""pointwise""]",Pointwise op likely handled by Inductor's generic pointwise path with Triton on CUDA. Inductor handles pointwise ops generically and uses Triton for GPU codegen. Most pointwise ops are likely covered.
digamma,pointwise,False,likely_yes,[],"[""pointwise""]",Pointwise op likely handled by Inductor's generic pointwise path with Triton on CUDA. Inductor handles pointwise ops generically and uses Triton for GPU codegen. Most pointwise ops are likely covered.
polygamma.out,pointwise,False,likely_yes,"[""CPU, CUDA"", ""MPS""]","[""pointwise""]",Pointwise op likely handled by Inductor's generic pointwise path with Triton on CUDA. Inductor handles pointwise ops generically and uses Triton for GPU codegen. Most pointwise ops are likely covered.
polygamma,pointwise,False,likely_yes,[],"[""pointwise""]",Pointwise op likely handled by Inductor's generic pointwise path with Triton on CUDA. Inductor handles pointwise ops generically and uses Triton for GPU codegen. Most pointwise ops are likely covered.
polygamma_,pointwise,False,likely_yes,"[""CompositeExplicitAutograd""]","[""pointwise""]",Pointwise op likely handled by Inductor's generic pointwise path with Triton on CUDA. Inductor handles pointwise ops generically and uses Triton for GPU codegen. Most pointwise ops are likely covered.
erfinv,pointwise,False,likely_yes,"[""SparseCPU, SparseCUDA, SparseMPS"", ""SparseCsrCPU, SparseCsrCUDA, SparseCsrMeta""]","[""pointwise""]",Pointwise op likely handled by Inductor's generic pointwise path with Triton on CUDA. Inductor handles pointwise ops generically and uses Triton for GPU codegen. Most pointwise ops are likely covered.
erfinv_,pointwise,False,likely_yes,"[""SparseCPU, SparseCUDA, SparseMPS"", ""SparseCsrCPU, SparseCsrCUDA, SparseCsrMeta""]","[""pointwise""]",Pointwise op likely handled by Inductor's generic pointwise path with Triton on CUDA. Inductor handles pointwise ops generically and uses Triton for GPU codegen. Most pointwise ops are likely covered.
erfinv.out,pointwise,False,likely_yes,"[""CPU, CUDA, MPS"", ""SparseCPU, SparseCUDA, SparseMPS"", ""SparseCsrCPU, SparseCsrCUDA, SparseCsrMeta""]","[""pointwise""]",Pointwise op likely handled by Inductor's generic pointwise path with Triton on CUDA. Inductor handles pointwise ops generically and uses Triton for GPU codegen. Most pointwise ops are likely covered.
i0,pointwise,False,likely_yes,[],"[""pointwise""]",Pointwise op likely handled by Inductor's generic pointwise path with Triton on CUDA. Inductor handles pointwise ops generically and uses Triton for GPU codegen. Most pointwise ops are likely covered.
i0_,pointwise,False,likely_yes,[],"[""pointwise""]",Pointwise op likely handled by Inductor's generic pointwise path with Triton on CUDA. Inductor handles pointwise ops generically and uses Triton for GPU codegen. Most pointwise ops are likely covered.
i0.out,pointwise,False,likely_yes,"[""CPU, CUDA, MPS""]","[""pointwise""]",Pointwise op likely handled by Inductor's generic pointwise path with Triton on CUDA. Inductor handles pointwise ops generically and uses Triton for GPU codegen. Most pointwise ops are likely covered.
sign,pointwise,False,likely_yes,"[""SparseCPU, SparseCUDA, SparseMPS"", ""SparseCsrCPU, SparseCsrCUDA, SparseCsrMeta""]","[""core"", ""pointwise""]",Pointwise op likely handled by Inductor's generic pointwise path with Triton on CUDA. Inductor handles pointwise ops generically and uses Triton for GPU codegen. Most pointwise ops are likely covered.
sign_,pointwise,False,likely_yes,"[""SparseCPU, SparseCUDA, SparseMPS"", ""SparseCsrCPU, SparseCsrCUDA, SparseCsrMeta""]","[""pointwise""]",Pointwise op likely handled by Inductor's generic pointwise path with Triton on CUDA. Inductor handles pointwise ops generically and uses Triton for GPU codegen. Most pointwise ops are likely covered.
sign.out,pointwise,False,likely_yes,"[""CPU, CUDA"", ""MPS"", ""SparseCPU, SparseCUDA, SparseMPS"", ""SparseCsrCPU, SparseCsrCUDA, SparseCsrMeta""]","[""pointwise""]",Pointwise op likely handled by Inductor's generic pointwise path with Triton on CUDA. Inductor handles pointwise ops generically and uses Triton for GPU codegen. Most pointwise ops are likely covered.
signbit,pointwise,False,likely_yes,"[""SparseCPU, SparseCUDA, SparseMPS"", ""SparseCsrCPU, SparseCsrCUDA, SparseCsrMeta""]","[""pointwise""]",Pointwise op likely handled by Inductor's generic pointwise path with Triton on CUDA. Inductor handles pointwise ops generically and uses Triton for GPU codegen. Most pointwise ops are likely covered.
signbit.out,pointwise,False,likely_yes,"[""CPU"", ""CUDA"", ""MPS"", ""SparseCPU, SparseCUDA, SparseMPS"", ""SparseCsrCPU, SparseCsrCUDA, SparseCsrMeta""]","[""pointwise""]",Pointwise op likely handled by Inductor's generic pointwise path with Triton on CUDA. Inductor handles pointwise ops generically and uses Triton for GPU codegen. Most pointwise ops are likely covered.
atan2.out,pointwise,False,likely_yes,"[""CPU, CUDA"", ""MPS""]","[""core"", ""pointwise""]",Pointwise op likely handled by Inductor's generic pointwise path with Triton on CUDA. Inductor handles pointwise ops generically and uses Triton for GPU codegen. Most pointwise ops are likely covered.
atan2_,pointwise,False,likely_yes,[],"[""pointwise""]",Pointwise op likely handled by Inductor's generic pointwise path with Triton on CUDA. Inductor handles pointwise ops generically and uses Triton for GPU codegen. Most pointwise ops are likely covered.
atan2,pointwise,False,likely_yes,[],"[""core"", ""pointwise""]",Pointwise op likely handled by Inductor's generic pointwise path with Triton on CUDA. Inductor handles pointwise ops generically and uses Triton for GPU codegen. Most pointwise ops are likely covered.
lerp.Scalar_out,pointwise,False,likely_yes,"[""CPU, CUDA, MPS""]","[""pointwise""]",Pointwise op likely handled by Inductor's generic pointwise path with Triton on CUDA. Inductor handles pointwise ops generically and uses Triton for GPU codegen. Most pointwise ops are likely covered.
lerp.Tensor_out,pointwise,False,likely_yes,"[""CPU, CUDA"", ""MPS""]","[""pointwise""]",Pointwise op likely handled by Inductor's generic pointwise path with Triton on CUDA. Inductor handles pointwise ops generically and uses Triton for GPU codegen. Most pointwise ops are likely covered.
lerp.Scalar,pointwise,False,likely_yes,[],"[""pointwise""]",Pointwise op likely handled by Inductor's generic pointwise path with Triton on CUDA. Inductor handles pointwise ops generically and uses Triton for GPU codegen. Most pointwise ops are likely covered.
lerp.Tensor,pointwise,False,likely_yes,[],"[""pointwise""]",Pointwise op likely handled by Inductor's generic pointwise path with Triton on CUDA. Inductor handles pointwise ops generically and uses Triton for GPU codegen. Most pointwise ops are likely covered.
fmod.Scalar_out,pointwise,False,likely_yes,"[""CompositeExplicitAutograd""]","[""pointwise""]",Pointwise op likely handled by Inductor's generic pointwise path with Triton on CUDA. Inductor handles pointwise ops generically and uses Triton for GPU codegen. Most pointwise ops are likely covered.
fmod.Scalar,pointwise,False,likely_yes,"[""CompositeExplicitAutograd""]","[""core"", ""pointwise""]",Pointwise op likely handled by Inductor's generic pointwise path with Triton on CUDA. Inductor handles pointwise ops generically and uses Triton for GPU codegen. Most pointwise ops are likely covered.
fmod_.Scalar,pointwise,False,likely_yes,"[""CompositeExplicitAutograd""]","[""pointwise""]",Pointwise op likely handled by Inductor's generic pointwise path with Triton on CUDA. Inductor handles pointwise ops generically and uses Triton for GPU codegen. Most pointwise ops are likely covered.
fmod.Tensor_out,pointwise,False,likely_yes,"[""CPU, CUDA, MPS, MTIA""]","[""pointwise""]",Pointwise op likely handled by Inductor's generic pointwise path with Triton on CUDA. Inductor handles pointwise ops generically and uses Triton for GPU codegen. Most pointwise ops are likely covered.
fmod.Tensor,pointwise,False,likely_yes,[],"[""core"", ""pointwise""]",Pointwise op likely handled by Inductor's generic pointwise path with Triton on CUDA. Inductor handles pointwise ops generically and uses Triton for GPU codegen. Most pointwise ops are likely covered.
fmod_.Tensor,pointwise,False,likely_yes,[],"[""pointwise""]",Pointwise op likely handled by Inductor's generic pointwise path with Triton on CUDA. Inductor handles pointwise ops generically and uses Triton for GPU codegen. Most pointwise ops are likely covered.
hypot.out,pointwise,False,likely_yes,"[""CPU, CUDA, MPS""]","[""pointwise""]",Pointwise op likely handled by Inductor's generic pointwise path with Triton on CUDA. Inductor handles pointwise ops generically and uses Triton for GPU codegen. Most pointwise ops are likely covered.
hypot,pointwise,False,likely_yes,[],"[""pointwise""]",Pointwise op likely handled by Inductor's generic pointwise path with Triton on CUDA. Inductor handles pointwise ops generically and uses Triton for GPU codegen. Most pointwise ops are likely covered.
hypot_,pointwise,False,likely_yes,[],"[""pointwise""]",Pointwise op likely handled by Inductor's generic pointwise path with Triton on CUDA. Inductor handles pointwise ops generically and uses Triton for GPU codegen. Most pointwise ops are likely covered.
igamma.out,pointwise,False,likely_yes,"[""CPU, CUDA, MPS""]","[""pointwise""]",Pointwise op likely handled by Inductor's generic pointwise path with Triton on CUDA. Inductor handles pointwise ops generically and uses Triton for GPU codegen. Most pointwise ops are likely covered.
igamma,pointwise,False,likely_yes,[],"[""pointwise""]",Pointwise op likely handled by Inductor's generic pointwise path with Triton on CUDA. Inductor handles pointwise ops generically and uses Triton for GPU codegen. Most pointwise ops are likely covered.
igamma_,pointwise,False,likely_yes,[],"[""pointwise""]",Pointwise op likely handled by Inductor's generic pointwise path with Triton on CUDA. Inductor handles pointwise ops generically and uses Triton for GPU codegen. Most pointwise ops are likely covered.
igammac.out,pointwise,False,likely_yes,"[""CPU, CUDA, MPS""]","[""pointwise""]",Pointwise op likely handled by Inductor's generic pointwise path with Triton on CUDA. Inductor handles pointwise ops generically and uses Triton for GPU codegen. Most pointwise ops are likely covered.
igammac,pointwise,False,likely_yes,[],"[""pointwise""]",Pointwise op likely handled by Inductor's generic pointwise path with Triton on CUDA. Inductor handles pointwise ops generically and uses Triton for GPU codegen. Most pointwise ops are likely covered.
igammac_,pointwise,False,likely_yes,[],"[""pointwise""]",Pointwise op likely handled by Inductor's generic pointwise path with Triton on CUDA. Inductor handles pointwise ops generically and uses Triton for GPU codegen. Most pointwise ops are likely covered.
nextafter.out,pointwise,False,likely_yes,"[""CPU, CUDA, MPS""]","[""pointwise""]",Pointwise op likely handled by Inductor's generic pointwise path with Triton on CUDA. Inductor handles pointwise ops generically and uses Triton for GPU codegen. Most pointwise ops are likely covered.
nextafter,pointwise,False,likely_yes,[],"[""pointwise""]",Pointwise op likely handled by Inductor's generic pointwise path with Triton on CUDA. Inductor handles pointwise ops generically and uses Triton for GPU codegen. Most pointwise ops are likely covered.
nextafter_,pointwise,False,likely_yes,[],"[""pointwise""]",Pointwise op likely handled by Inductor's generic pointwise path with Triton on CUDA. Inductor handles pointwise ops generically and uses Triton for GPU codegen. Most pointwise ops are likely covered.
remainder.Scalar_out,pointwise,False,likely_yes,"[""CompositeExplicitAutograd""]","[""pointwise""]",Pointwise op likely handled by Inductor's generic pointwise path with Triton on CUDA. Inductor handles pointwise ops generically and uses Triton for GPU codegen. Most pointwise ops are likely covered.
remainder.Scalar,pointwise,False,likely_yes,"[""CompositeExplicitAutograd""]","[""core"", ""pointwise""]",Pointwise op likely handled by Inductor's generic pointwise path with Triton on CUDA. Inductor handles pointwise ops generically and uses Triton for GPU codegen. Most pointwise ops are likely covered.
remainder_.Scalar,pointwise,False,likely_yes,"[""CompositeExplicitAutograd""]","[""pointwise""]",Pointwise op likely handled by Inductor's generic pointwise path with Triton on CUDA. Inductor handles pointwise ops generically and uses Triton for GPU codegen. Most pointwise ops are likely covered.
remainder.Tensor_out,pointwise,False,likely_yes,"[""CPU, CUDA, MPS, MTIA""]","[""pointwise""]",Pointwise op likely handled by Inductor's generic pointwise path with Triton on CUDA. Inductor handles pointwise ops generically and uses Triton for GPU codegen. Most pointwise ops are likely covered.
remainder.Tensor,pointwise,False,likely_yes,[],"[""core"", ""pointwise""]",Pointwise op likely handled by Inductor's generic pointwise path with Triton on CUDA. Inductor handles pointwise ops generically and uses Triton for GPU codegen. Most pointwise ops are likely covered.
remainder_.Tensor,pointwise,False,likely_yes,[],"[""pointwise""]",Pointwise op likely handled by Inductor's generic pointwise path with Triton on CUDA. Inductor handles pointwise ops generically and uses Triton for GPU codegen. Most pointwise ops are likely covered.
remainder.Scalar_Tensor,pointwise,False,likely_yes,"[""CPU, CUDA, MPS""]","[""pointwise""]",Pointwise op likely handled by Inductor's generic pointwise path with Triton on CUDA. Inductor handles pointwise ops generically and uses Triton for GPU codegen. Most pointwise ops are likely covered.
min,reduction,False,yes,"[""CPU, CUDA"", ""MPS"", ""QuantizedCPU""]","[""reduction""]",Op min has explicit lowering in Inductor's lowering table.
min.unary_out,reduction,False,yes,"[""CPU, CUDA"", ""QuantizedCPU""]","[""reduction""]",Op min.unary_out has explicit lowering in Inductor's lowering table.
fmin,pointwise,False,likely_yes,[],"[""pointwise""]",Pointwise op likely handled by Inductor's generic pointwise path with Triton on CUDA. Inductor handles pointwise ops generically and uses Triton for GPU codegen. Most pointwise ops are likely covered.
fmin.out,pointwise,False,likely_yes,"[""CPU, CUDA, MPS""]","[""pointwise""]",Pointwise op likely handled by Inductor's generic pointwise path with Triton on CUDA. Inductor handles pointwise ops generically and uses Triton for GPU codegen. Most pointwise ops are likely covered.
max,reduction,False,yes,"[""CPU, CUDA"", ""MPS"", ""QuantizedCPU""]","[""reduction""]",Op max has explicit lowering in Inductor's lowering table.
fmax,pointwise,False,likely_yes,[],"[""pointwise""]",Pointwise op likely handled by Inductor's generic pointwise path with Triton on CUDA. Inductor handles pointwise ops generically and uses Triton for GPU codegen. Most pointwise ops are likely covered.
fmax.out,pointwise,False,likely_yes,"[""CPU, CUDA, MPS""]","[""pointwise""]",Pointwise op likely handled by Inductor's generic pointwise path with Triton on CUDA. Inductor handles pointwise ops generically and uses Triton for GPU codegen. Most pointwise ops are likely covered.
maximum,pointwise,False,likely_yes,[],"[""core"", ""pointwise""]",Pointwise op likely handled by Inductor's generic pointwise path with Triton on CUDA. Inductor handles pointwise ops generically and uses Triton for GPU codegen. Most pointwise ops are likely covered.
maximum.out,pointwise,False,likely_yes,"[""CPU, CUDA, MTIA"", ""MPS""]","[""pointwise""]",Pointwise op likely handled by Inductor's generic pointwise path with Triton on CUDA. Inductor handles pointwise ops generically and uses Triton for GPU codegen. Most pointwise ops are likely covered.
max.other,pointwise,False,yes,[],"[""pointwise""]",Op max.other has explicit lowering in Inductor's lowering table.
max.out,pointwise,False,yes,[],"[""pointwise""]",Op max.out has explicit lowering in Inductor's lowering table.
max.unary_out,reduction,False,yes,"[""CPU, CUDA"", ""QuantizedCPU""]","[""reduction""]",Op max.unary_out has explicit lowering in Inductor's lowering table.
minimum,pointwise,False,likely_yes,[],"[""core"", ""pointwise""]",Pointwise op likely handled by Inductor's generic pointwise path with Triton on CUDA. Inductor handles pointwise ops generically and uses Triton for GPU codegen. Most pointwise ops are likely covered.
minimum.out,pointwise,False,likely_yes,"[""CPU, CUDA, MTIA"", ""MPS""]","[""pointwise""]",Pointwise op likely handled by Inductor's generic pointwise path with Triton on CUDA. Inductor handles pointwise ops generically and uses Triton for GPU codegen. Most pointwise ops are likely covered.
min.out,pointwise,False,yes,[],"[""pointwise""]",Op min.out has explicit lowering in Inductor's lowering table.
min.other,pointwise,False,yes,[],"[""pointwise""]",Op min.other has explicit lowering in Inductor's lowering table.
all,reduction,False,likely_yes,[],"[""reduction""]",Reduction op likely handled by Inductor's reduction path with Triton on CUDA. Inductor handles reduction ops and uses Triton for GPU codegen. Many reduction ops are likely covered.
all.all_out,reduction,False,likely_yes,"[""CPU, CUDA"", ""MTIA"", ""MPS""]","[""reduction""]",Reduction op likely handled by Inductor's reduction path with Triton on CUDA. Inductor handles reduction ops and uses Triton for GPU codegen. Many reduction ops are likely covered.
any,reduction,False,yes,"[""SparseCPU, SparseCUDA, SparseMPS""]","[""core"", ""reduction""]",Op any has explicit lowering in Inductor's lowering table.
any.all_out,reduction,False,yes,"[""CPU, CUDA"", ""MPS""]","[""reduction""]",Op any.all_out has explicit lowering in Inductor's lowering table.
equal,pointwise,False,likely_yes,"[""CPU"", ""CUDA"", ""MPS"", ""QuantizedCPU""]","[""data_dependent_output"", ""pointwise""]",Pointwise op likely handled by Inductor's generic pointwise path with Triton on CUDA. Inductor handles pointwise ops generically and uses Triton for GPU codegen. Most pointwise ops are likely covered.
pow.Tensor_Tensor_out,pointwise,False,yes,"[""CPU, CUDA"", ""MPS""]","[""pointwise""]",Op pow.Tensor_Tensor_out has explicit lowering in Inductor's lowering table.
pow.Tensor_Tensor,pointwise,False,yes,[],"[""core"", ""pointwise""]",Op pow.Tensor_Tensor has explicit lowering in Inductor's lowering table.
pow.Scalar_out,pointwise,False,yes,"[""CPU, CUDA"", ""MPS""]","[""pointwise""]",Op pow.Scalar_out has explicit lowering in Inductor's lowering table.
pow.Scalar,pointwise,False,yes,[],"[""core"", ""pointwise""]",Op pow.Scalar has explicit lowering in Inductor's lowering table.
pow.Tensor_Scalar_out,pointwise,False,yes,"[""CPU, CUDA, MPS"", ""SparseCPU, SparseCUDA, SparseMPS""]","[""pointwise""]",Op pow.Tensor_Scalar_out has explicit lowering in Inductor's lowering table.
pow.Tensor_Scalar,pointwise,False,yes,"[""SparseCPU, SparseCUDA, SparseMPS""]","[""core"", ""pointwise""]",Op pow.Tensor_Scalar has explicit lowering in Inductor's lowering table.
pow_.Scalar,pointwise,False,likely_yes,[],"[""pointwise""]",Pointwise op likely handled by Inductor's generic pointwise path with Triton on CUDA. Inductor handles pointwise ops generically and uses Triton for GPU codegen. Most pointwise ops are likely covered.
pow_.Tensor,pointwise,False,likely_yes,[],"[""pointwise""]",Pointwise op likely handled by Inductor's generic pointwise path with Triton on CUDA. Inductor handles pointwise ops generically and uses Triton for GPU codegen. Most pointwise ops are likely covered.
float_power.Tensor_Tensor_out,pointwise,False,likely_yes,[],"[""pointwise""]",Pointwise op likely handled by Inductor's generic pointwise path with Triton on CUDA. Inductor handles pointwise ops generically and uses Triton for GPU codegen. Most pointwise ops are likely covered.
float_power.Tensor_Tensor,pointwise,False,likely_yes,[],"[""pointwise""]",Pointwise op likely handled by Inductor's generic pointwise path with Triton on CUDA. Inductor handles pointwise ops generically and uses Triton for GPU codegen. Most pointwise ops are likely covered.
float_power.Scalar_out,pointwise,False,likely_yes,[],"[""pointwise""]",Pointwise op likely handled by Inductor's generic pointwise path with Triton on CUDA. Inductor handles pointwise ops generically and uses Triton for GPU codegen. Most pointwise ops are likely covered.
float_power.Scalar,pointwise,False,likely_yes,[],"[""pointwise""]",Pointwise op likely handled by Inductor's generic pointwise path with Triton on CUDA. Inductor handles pointwise ops generically and uses Triton for GPU codegen. Most pointwise ops are likely covered.
float_power.Tensor_Scalar_out,pointwise,False,likely_yes,[],"[""pointwise""]",Pointwise op likely handled by Inductor's generic pointwise path with Triton on CUDA. Inductor handles pointwise ops generically and uses Triton for GPU codegen. Most pointwise ops are likely covered.
float_power.Tensor_Scalar,pointwise,False,likely_yes,[],"[""pointwise""]",Pointwise op likely handled by Inductor's generic pointwise path with Triton on CUDA. Inductor handles pointwise ops generically and uses Triton for GPU codegen. Most pointwise ops are likely covered.
float_power_.Scalar,pointwise,False,likely_yes,[],"[""pointwise""]",Pointwise op likely handled by Inductor's generic pointwise path with Triton on CUDA. Inductor handles pointwise ops generically and uses Triton for GPU codegen. Most pointwise ops are likely covered.
float_power_.Tensor,pointwise,False,likely_yes,[],"[""pointwise""]",Pointwise op likely handled by Inductor's generic pointwise path with Triton on CUDA. Inductor handles pointwise ops generically and uses Triton for GPU codegen. Most pointwise ops are likely covered.
elu,pointwise,False,likely_yes,[],"[""core"", ""pointwise""]",Pointwise op likely handled by Inductor's generic pointwise path with Triton on CUDA. Inductor handles pointwise ops generically and uses Triton for GPU codegen. Most pointwise ops are likely covered.
hardsigmoid,pointwise,False,likely_yes,"[""QuantizedCPU""]","[""pointwise""]",Pointwise op likely handled by Inductor's generic pointwise path with Triton on CUDA. Inductor handles pointwise ops generically and uses Triton for GPU codegen. Most pointwise ops are likely covered.
hardtanh,pointwise,False,likely_yes,"[""CPU, CUDA, MPS"", ""QuantizedCPU""]","[""pointwise"", ""core""]",Pointwise op likely handled by Inductor's generic pointwise path with Triton on CUDA. Inductor handles pointwise ops generically and uses Triton for GPU codegen. Most pointwise ops are likely covered.
softplus,pointwise,False,likely_yes,[],"[""pointwise""]",Pointwise op likely handled by Inductor's generic pointwise path with Triton on CUDA. Inductor handles pointwise ops generically and uses Triton for GPU codegen. Most pointwise ops are likely covered.
softshrink,pointwise,False,likely_yes,[],"[""pointwise""]",Pointwise op likely handled by Inductor's generic pointwise path with Triton on CUDA. Inductor handles pointwise ops generically and uses Triton for GPU codegen. Most pointwise ops are likely covered.
sigmoid_backward.grad_input,pointwise,False,likely_yes,"[""CPU, CUDA"", ""MPS""]","[""pointwise""]",Pointwise op likely handled by Inductor's generic pointwise path with Triton on CUDA. Inductor handles pointwise ops generically and uses Triton for GPU codegen. Most pointwise ops are likely covered.
sigmoid_backward,pointwise,False,likely_yes,[],"[""pointwise""]",Pointwise op likely handled by Inductor's generic pointwise path with Triton on CUDA. Inductor handles pointwise ops generically and uses Triton for GPU codegen. Most pointwise ops are likely covered.
logit_backward.grad_input,pointwise,False,likely_yes,"[""CPU, CUDA"", ""MPS""]","[""pointwise""]",Pointwise op likely handled by Inductor's generic pointwise path with Triton on CUDA. Inductor handles pointwise ops generically and uses Triton for GPU codegen. Most pointwise ops are likely covered.
logit_backward,pointwise,False,likely_yes,[],"[""pointwise""]",Pointwise op likely handled by Inductor's generic pointwise path with Triton on CUDA. Inductor handles pointwise ops generically and uses Triton for GPU codegen. Most pointwise ops are likely covered.
tanh_backward.grad_input,pointwise,False,likely_yes,"[""CPU, CUDA, MTIA"", ""MPS""]","[""pointwise""]",Pointwise op likely handled by Inductor's generic pointwise path with Triton on CUDA. Inductor handles pointwise ops generically and uses Triton for GPU codegen. Most pointwise ops are likely covered.
tanh_backward,pointwise,False,likely_yes,[],"[""pointwise""]",Pointwise op likely handled by Inductor's generic pointwise path with Triton on CUDA. Inductor handles pointwise ops generically and uses Triton for GPU codegen. Most pointwise ops are likely covered.
isfinite,pointwise,False,likely_yes,[],"[""pointwise""]",Pointwise op likely handled by Inductor's generic pointwise path with Triton on CUDA. Inductor handles pointwise ops generically and uses Triton for GPU codegen. Most pointwise ops are likely covered.
isinf,pointwise,False,yes,"[""CompositeExplicitAutograd"", ""NestedTensorCPU, NestedTensorHPU, NestedTensorCUDA"", ""SparseCPU, SparseCUDA, SparseMPS"", ""SparseMeta"", ""SparseCsrCPU, SparseCsrCUDA, SparseCsrMeta""]","[""core"", ""pointwise""]",Op isinf has explicit lowering in Inductor's lowering table.
isposinf,pointwise,False,likely_yes,"[""NestedTensorCPU, NestedTensorHPU, NestedTensorCUDA"", ""SparseCPU, SparseCUDA, SparseMPS"", ""SparseCsrCPU, SparseCsrCUDA, SparseCsrMeta""]","[""pointwise""]",Pointwise op likely handled by Inductor's generic pointwise path with Triton on CUDA. Inductor handles pointwise ops generically and uses Triton for GPU codegen. Most pointwise ops are likely covered.
isposinf.out,pointwise,False,likely_yes,"[""CPU, CUDA, MPS"", ""SparseCPU, SparseCUDA, SparseMPS"", ""SparseCsrCPU, SparseCsrCUDA, SparseCsrMeta""]","[""pointwise""]",Pointwise op likely handled by Inductor's generic pointwise path with Triton on CUDA. Inductor handles pointwise ops generically and uses Triton for GPU codegen. Most pointwise ops are likely covered.
isneginf,pointwise,False,likely_yes,"[""NestedTensorCPU, NestedTensorHPU, NestedTensorCUDA"", ""SparseCPU, SparseCUDA, SparseMPS"", ""SparseCsrCPU, SparseCsrCUDA, SparseCsrMeta""]","[""pointwise""]",Pointwise op likely handled by Inductor's generic pointwise path with Triton on CUDA. Inductor handles pointwise ops generically and uses Triton for GPU codegen. Most pointwise ops are likely covered.
isneginf.out,pointwise,False,likely_yes,"[""CPU, CUDA, MPS"", ""SparseCPU, SparseCUDA, SparseMPS"", ""SparseCsrCPU, SparseCsrCUDA, SparseCsrMeta""]","[""pointwise""]",Pointwise op likely handled by Inductor's generic pointwise path with Triton on CUDA. Inductor handles pointwise ops generically and uses Triton for GPU codegen. Most pointwise ops are likely covered.
special_entr,pointwise,False,likely_yes,[],"[""pointwise""]",Pointwise op likely handled by Inductor's generic pointwise path with Triton on CUDA. Inductor handles pointwise ops generically and uses Triton for GPU codegen. Most pointwise ops are likely covered.
special_entr.out,pointwise,False,likely_yes,"[""CPU, CUDA, MPS""]","[""pointwise""]",Pointwise op likely handled by Inductor's generic pointwise path with Triton on CUDA. Inductor handles pointwise ops generically and uses Triton for GPU codegen. Most pointwise ops are likely covered.
special_ndtri,pointwise,False,likely_yes,[],"[""pointwise""]",Pointwise op likely handled by Inductor's generic pointwise path with Triton on CUDA. Inductor handles pointwise ops generically and uses Triton for GPU codegen. Most pointwise ops are likely covered.
special_ndtri.out,pointwise,False,likely_yes,"[""CPU, CUDA""]","[""pointwise""]",Pointwise op likely handled by Inductor's generic pointwise path with Triton on CUDA. Inductor handles pointwise ops generically and uses Triton for GPU codegen. Most pointwise ops are likely covered.
special_log_ndtr,pointwise,False,likely_yes,[],"[""pointwise""]",Pointwise op likely handled by Inductor's generic pointwise path with Triton on CUDA. Inductor handles pointwise ops generically and uses Triton for GPU codegen. Most pointwise ops are likely covered.
special_log_ndtr.out,pointwise,False,likely_yes,"[""CPU, CUDA""]","[""pointwise""]",Pointwise op likely handled by Inductor's generic pointwise path with Triton on CUDA. Inductor handles pointwise ops generically and uses Triton for GPU codegen. Most pointwise ops are likely covered.
special_erfcx,pointwise,False,likely_yes,[],"[""pointwise""]",Pointwise op likely handled by Inductor's generic pointwise path with Triton on CUDA. Inductor handles pointwise ops generically and uses Triton for GPU codegen. Most pointwise ops are likely covered.
special_erfcx.out,pointwise,False,likely_yes,"[""CPU, CUDA""]","[""pointwise""]",Pointwise op likely handled by Inductor's generic pointwise path with Triton on CUDA. Inductor handles pointwise ops generically and uses Triton for GPU codegen. Most pointwise ops are likely covered.
special_xlog1py,pointwise,False,likely_yes,[],"[""pointwise""]",Pointwise op likely handled by Inductor's generic pointwise path with Triton on CUDA. Inductor handles pointwise ops generically and uses Triton for GPU codegen. Most pointwise ops are likely covered.
special_xlog1py.self_scalar,pointwise,False,likely_yes,"[""CompositeExplicitAutograd""]","[""pointwise""]",Pointwise op likely handled by Inductor's generic pointwise path with Triton on CUDA. Inductor handles pointwise ops generically and uses Triton for GPU codegen. Most pointwise ops are likely covered.
special_xlog1py.other_scalar,pointwise,False,likely_yes,"[""CompositeExplicitAutograd""]","[""pointwise""]",Pointwise op likely handled by Inductor's generic pointwise path with Triton on CUDA. Inductor handles pointwise ops generically and uses Triton for GPU codegen. Most pointwise ops are likely covered.
special_xlog1py.out,pointwise,False,likely_yes,"[""CPU, CUDA, MPS""]","[""pointwise""]",Pointwise op likely handled by Inductor's generic pointwise path with Triton on CUDA. Inductor handles pointwise ops generically and uses Triton for GPU codegen. Most pointwise ops are likely covered.
special_xlog1py.self_scalar_out,pointwise,False,likely_yes,"[""CompositeExplicitAutograd""]","[""pointwise""]",Pointwise op likely handled by Inductor's generic pointwise path with Triton on CUDA. Inductor handles pointwise ops generically and uses Triton for GPU codegen. Most pointwise ops are likely covered.
special_xlog1py.other_scalar_out,pointwise,False,likely_yes,"[""CompositeExplicitAutograd""]","[""pointwise""]",Pointwise op likely handled by Inductor's generic pointwise path with Triton on CUDA. Inductor handles pointwise ops generically and uses Triton for GPU codegen. Most pointwise ops are likely covered.
special_zeta,pointwise,False,likely_yes,[],"[""pointwise""]",Pointwise op likely handled by Inductor's generic pointwise path with Triton on CUDA. Inductor handles pointwise ops generically and uses Triton for GPU codegen. Most pointwise ops are likely covered.
special_zeta.self_scalar,pointwise,False,likely_yes,"[""CompositeExplicitAutograd""]","[""pointwise""]",Pointwise op likely handled by Inductor's generic pointwise path with Triton on CUDA. Inductor handles pointwise ops generically and uses Triton for GPU codegen. Most pointwise ops are likely covered.
special_zeta.other_scalar,pointwise,False,likely_yes,"[""CompositeExplicitAutograd""]","[""pointwise""]",Pointwise op likely handled by Inductor's generic pointwise path with Triton on CUDA. Inductor handles pointwise ops generically and uses Triton for GPU codegen. Most pointwise ops are likely covered.
special_zeta.out,pointwise,False,likely_yes,"[""CPU, CUDA, MPS""]","[""pointwise""]",Pointwise op likely handled by Inductor's generic pointwise path with Triton on CUDA. Inductor handles pointwise ops generically and uses Triton for GPU codegen. Most pointwise ops are likely covered.
special_zeta.self_scalar_out,pointwise,False,likely_yes,"[""CompositeExplicitAutograd""]","[""pointwise""]",Pointwise op likely handled by Inductor's generic pointwise path with Triton on CUDA. Inductor handles pointwise ops generically and uses Triton for GPU codegen. Most pointwise ops are likely covered.
special_zeta.other_scalar_out,pointwise,False,likely_yes,"[""CompositeExplicitAutograd""]","[""pointwise""]",Pointwise op likely handled by Inductor's generic pointwise path with Triton on CUDA. Inductor handles pointwise ops generically and uses Triton for GPU codegen. Most pointwise ops are likely covered.
special_i0e,pointwise,False,likely_yes,[],"[""pointwise""]",Pointwise op likely handled by Inductor's generic pointwise path with Triton on CUDA. Inductor handles pointwise ops generically and uses Triton for GPU codegen. Most pointwise ops are likely covered.
special_i0e.out,pointwise,False,likely_yes,"[""CPU, CUDA, MPS""]","[""pointwise""]",Pointwise op likely handled by Inductor's generic pointwise path with Triton on CUDA. Inductor handles pointwise ops generically and uses Triton for GPU codegen. Most pointwise ops are likely covered.
special_i1,pointwise,False,likely_yes,[],"[""pointwise""]",Pointwise op likely handled by Inductor's generic pointwise path with Triton on CUDA. Inductor handles pointwise ops generically and uses Triton for GPU codegen. Most pointwise ops are likely covered.
special_i1.out,pointwise,False,likely_yes,"[""CPU, CUDA, MPS""]","[""pointwise""]",Pointwise op likely handled by Inductor's generic pointwise path with Triton on CUDA. Inductor handles pointwise ops generically and uses Triton for GPU codegen. Most pointwise ops are likely covered.
special_i1e,pointwise,False,likely_yes,[],"[""pointwise""]",Pointwise op likely handled by Inductor's generic pointwise path with Triton on CUDA. Inductor handles pointwise ops generically and uses Triton for GPU codegen. Most pointwise ops are likely covered.
special_i1e.out,pointwise,False,likely_yes,"[""CPU, CUDA, MPS""]","[""pointwise""]",Pointwise op likely handled by Inductor's generic pointwise path with Triton on CUDA. Inductor handles pointwise ops generically and uses Triton for GPU codegen. Most pointwise ops are likely covered.
linalg_vector_norm,reduction,False,likely_yes,[],"[""reduction""]",Reduction op likely handled by Inductor's reduction path with Triton on CUDA. Inductor handles reduction ops and uses Triton for GPU codegen. Many reduction ops are likely covered.
linalg_vector_norm.out,reduction,False,likely_yes,"[""CPU, CUDA"", ""MPS""]","[""reduction""]",Reduction op likely handled by Inductor's reduction path with Triton on CUDA. Inductor handles reduction ops and uses Triton for GPU codegen. Many reduction ops are likely covered.
special_airy_ai,pointwise,False,likely_yes,[],"[""pointwise""]",Pointwise op likely handled by Inductor's generic pointwise path with Triton on CUDA. Inductor handles pointwise ops generically and uses Triton for GPU codegen. Most pointwise ops are likely covered.
special_airy_ai.out,pointwise,False,likely_yes,"[""CPU, CUDA""]","[""pointwise""]",Pointwise op likely handled by Inductor's generic pointwise path with Triton on CUDA. Inductor handles pointwise ops generically and uses Triton for GPU codegen. Most pointwise ops are likely covered.
special_bessel_j0,pointwise,False,likely_yes,[],"[""pointwise""]",Pointwise op likely handled by Inductor's generic pointwise path with Triton on CUDA. Inductor handles pointwise ops generically and uses Triton for GPU codegen. Most pointwise ops are likely covered.
special_bessel_j0.out,pointwise,False,likely_yes,"[""CPU, CUDA, MPS""]","[""pointwise""]",Pointwise op likely handled by Inductor's generic pointwise path with Triton on CUDA. Inductor handles pointwise ops generically and uses Triton for GPU codegen. Most pointwise ops are likely covered.
special_bessel_j1,pointwise,False,likely_yes,[],"[""pointwise""]",Pointwise op likely handled by Inductor's generic pointwise path with Triton on CUDA. Inductor handles pointwise ops generically and uses Triton for GPU codegen. Most pointwise ops are likely covered.
special_bessel_j1.out,pointwise,False,likely_yes,"[""CPU, CUDA, MPS""]","[""pointwise""]",Pointwise op likely handled by Inductor's generic pointwise path with Triton on CUDA. Inductor handles pointwise ops generically and uses Triton for GPU codegen. Most pointwise ops are likely covered.
special_bessel_y0,pointwise,False,likely_yes,[],"[""pointwise""]",Pointwise op likely handled by Inductor's generic pointwise path with Triton on CUDA. Inductor handles pointwise ops generically and uses Triton for GPU codegen. Most pointwise ops are likely covered.
special_bessel_y0.out,pointwise,False,likely_yes,"[""CPU, CUDA, MPS""]","[""pointwise""]",Pointwise op likely handled by Inductor's generic pointwise path with Triton on CUDA. Inductor handles pointwise ops generically and uses Triton for GPU codegen. Most pointwise ops are likely covered.
special_bessel_y1,pointwise,False,likely_yes,[],"[""pointwise""]",Pointwise op likely handled by Inductor's generic pointwise path with Triton on CUDA. Inductor handles pointwise ops generically and uses Triton for GPU codegen. Most pointwise ops are likely covered.
special_bessel_y1.out,pointwise,False,likely_yes,"[""CPU, CUDA, MPS""]","[""pointwise""]",Pointwise op likely handled by Inductor's generic pointwise path with Triton on CUDA. Inductor handles pointwise ops generically and uses Triton for GPU codegen. Most pointwise ops are likely covered.
special_chebyshev_polynomial_t,pointwise,False,likely_yes,[],"[""pointwise""]",Pointwise op likely handled by Inductor's generic pointwise path with Triton on CUDA. Inductor handles pointwise ops generically and uses Triton for GPU codegen. Most pointwise ops are likely covered.
special_chebyshev_polynomial_t.x_scalar,pointwise,False,likely_yes,"[""CompositeExplicitAutograd""]","[""pointwise""]",Pointwise op likely handled by Inductor's generic pointwise path with Triton on CUDA. Inductor handles pointwise ops generically and uses Triton for GPU codegen. Most pointwise ops are likely covered.
special_chebyshev_polynomial_t.n_scalar,pointwise,False,likely_yes,"[""CompositeExplicitAutograd""]","[""pointwise""]",Pointwise op likely handled by Inductor's generic pointwise path with Triton on CUDA. Inductor handles pointwise ops generically and uses Triton for GPU codegen. Most pointwise ops are likely covered.
special_chebyshev_polynomial_t.out,pointwise,False,likely_yes,"[""CPU, CUDA, MPS""]","[""pointwise""]",Pointwise op likely handled by Inductor's generic pointwise path with Triton on CUDA. Inductor handles pointwise ops generically and uses Triton for GPU codegen. Most pointwise ops are likely covered.
special_chebyshev_polynomial_t.x_scalar_out,pointwise,False,likely_yes,"[""CompositeExplicitAutograd""]","[""pointwise""]",Pointwise op likely handled by Inductor's generic pointwise path with Triton on CUDA. Inductor handles pointwise ops generically and uses Triton for GPU codegen. Most pointwise ops are likely covered.
special_chebyshev_polynomial_t.n_scalar_out,pointwise,False,likely_yes,"[""CompositeExplicitAutograd""]","[""pointwise""]",Pointwise op likely handled by Inductor's generic pointwise path with Triton on CUDA. Inductor handles pointwise ops generically and uses Triton for GPU codegen. Most pointwise ops are likely covered.
special_chebyshev_polynomial_u,pointwise,False,likely_yes,[],"[""pointwise""]",Pointwise op likely handled by Inductor's generic pointwise path with Triton on CUDA. Inductor handles pointwise ops generically and uses Triton for GPU codegen. Most pointwise ops are likely covered.
special_chebyshev_polynomial_u.x_scalar,pointwise,False,likely_yes,"[""CompositeExplicitAutograd""]","[""pointwise""]",Pointwise op likely handled by Inductor's generic pointwise path with Triton on CUDA. Inductor handles pointwise ops generically and uses Triton for GPU codegen. Most pointwise ops are likely covered.
special_chebyshev_polynomial_u.n_scalar,pointwise,False,likely_yes,"[""CompositeExplicitAutograd""]","[""pointwise""]",Pointwise op likely handled by Inductor's generic pointwise path with Triton on CUDA. Inductor handles pointwise ops generically and uses Triton for GPU codegen. Most pointwise ops are likely covered.
special_chebyshev_polynomial_u.out,pointwise,False,likely_yes,"[""CPU, CUDA, MPS""]","[""pointwise""]",Pointwise op likely handled by Inductor's generic pointwise path with Triton on CUDA. Inductor handles pointwise ops generically and uses Triton for GPU codegen. Most pointwise ops are likely covered.
special_chebyshev_polynomial_u.x_scalar_out,pointwise,False,likely_yes,"[""CompositeExplicitAutograd""]","[""pointwise""]",Pointwise op likely handled by Inductor's generic pointwise path with Triton on CUDA. Inductor handles pointwise ops generically and uses Triton for GPU codegen. Most pointwise ops are likely covered.
special_chebyshev_polynomial_u.n_scalar_out,pointwise,False,likely_yes,"[""CompositeExplicitAutograd""]","[""pointwise""]",Pointwise op likely handled by Inductor's generic pointwise path with Triton on CUDA. Inductor handles pointwise ops generically and uses Triton for GPU codegen. Most pointwise ops are likely covered.
special_chebyshev_polynomial_v,pointwise,False,likely_yes,[],"[""pointwise""]",Pointwise op likely handled by Inductor's generic pointwise path with Triton on CUDA. Inductor handles pointwise ops generically and uses Triton for GPU codegen. Most pointwise ops are likely covered.
special_chebyshev_polynomial_v.x_scalar,pointwise,False,likely_yes,"[""CompositeExplicitAutograd""]","[""pointwise""]",Pointwise op likely handled by Inductor's generic pointwise path with Triton on CUDA. Inductor handles pointwise ops generically and uses Triton for GPU codegen. Most pointwise ops are likely covered.
special_chebyshev_polynomial_v.n_scalar,pointwise,False,likely_yes,"[""CompositeExplicitAutograd""]","[""pointwise""]",Pointwise op likely handled by Inductor's generic pointwise path with Triton on CUDA. Inductor handles pointwise ops generically and uses Triton for GPU codegen. Most pointwise ops are likely covered.
special_chebyshev_polynomial_v.out,pointwise,False,likely_yes,"[""CPU, CUDA, MPS""]","[""pointwise""]",Pointwise op likely handled by Inductor's generic pointwise path with Triton on CUDA. Inductor handles pointwise ops generically and uses Triton for GPU codegen. Most pointwise ops are likely covered.
special_chebyshev_polynomial_v.x_scalar_out,pointwise,False,likely_yes,"[""CompositeExplicitAutograd""]","[""pointwise""]",Pointwise op likely handled by Inductor's generic pointwise path with Triton on CUDA. Inductor handles pointwise ops generically and uses Triton for GPU codegen. Most pointwise ops are likely covered.
special_chebyshev_polynomial_v.n_scalar_out,pointwise,False,likely_yes,"[""CompositeExplicitAutograd""]","[""pointwise""]",Pointwise op likely handled by Inductor's generic pointwise path with Triton on CUDA. Inductor handles pointwise ops generically and uses Triton for GPU codegen. Most pointwise ops are likely covered.
special_chebyshev_polynomial_w,pointwise,False,likely_yes,[],"[""pointwise""]",Pointwise op likely handled by Inductor's generic pointwise path with Triton on CUDA. Inductor handles pointwise ops generically and uses Triton for GPU codegen. Most pointwise ops are likely covered.
special_chebyshev_polynomial_w.x_scalar,pointwise,False,likely_yes,"[""CompositeExplicitAutograd""]","[""pointwise""]",Pointwise op likely handled by Inductor's generic pointwise path with Triton on CUDA. Inductor handles pointwise ops generically and uses Triton for GPU codegen. Most pointwise ops are likely covered.
special_chebyshev_polynomial_w.n_scalar,pointwise,False,likely_yes,"[""CompositeExplicitAutograd""]","[""pointwise""]",Pointwise op likely handled by Inductor's generic pointwise path with Triton on CUDA. Inductor handles pointwise ops generically and uses Triton for GPU codegen. Most pointwise ops are likely covered.
special_chebyshev_polynomial_w.out,pointwise,False,likely_yes,"[""CPU, CUDA, MPS""]","[""pointwise""]",Pointwise op likely handled by Inductor's generic pointwise path with Triton on CUDA. Inductor handles pointwise ops generically and uses Triton for GPU codegen. Most pointwise ops are likely covered.
special_chebyshev_polynomial_w.x_scalar_out,pointwise,False,likely_yes,"[""CompositeExplicitAutograd""]","[""pointwise""]",Pointwise op likely handled by Inductor's generic pointwise path with Triton on CUDA. Inductor handles pointwise ops generically and uses Triton for GPU codegen. Most pointwise ops are likely covered.
special_chebyshev_polynomial_w.n_scalar_out,pointwise,False,likely_yes,"[""CompositeExplicitAutograd""]","[""pointwise""]",Pointwise op likely handled by Inductor's generic pointwise path with Triton on CUDA. Inductor handles pointwise ops generically and uses Triton for GPU codegen. Most pointwise ops are likely covered.
special_hermite_polynomial_h,pointwise,False,likely_yes,[],"[""pointwise""]",Pointwise op likely handled by Inductor's generic pointwise path with Triton on CUDA. Inductor handles pointwise ops generically and uses Triton for GPU codegen. Most pointwise ops are likely covered.
special_hermite_polynomial_h.x_scalar,pointwise,False,likely_yes,"[""CompositeExplicitAutograd""]","[""pointwise""]",Pointwise op likely handled by Inductor's generic pointwise path with Triton on CUDA. Inductor handles pointwise ops generically and uses Triton for GPU codegen. Most pointwise ops are likely covered.
special_hermite_polynomial_h.n_scalar,pointwise,False,likely_yes,"[""CompositeExplicitAutograd""]","[""pointwise""]",Pointwise op likely handled by Inductor's generic pointwise path with Triton on CUDA. Inductor handles pointwise ops generically and uses Triton for GPU codegen. Most pointwise ops are likely covered.
special_hermite_polynomial_h.out,pointwise,False,likely_yes,"[""CPU, CUDA, MPS""]","[""pointwise""]",Pointwise op likely handled by Inductor's generic pointwise path with Triton on CUDA. Inductor handles pointwise ops generically and uses Triton for GPU codegen. Most pointwise ops are likely covered.
special_hermite_polynomial_h.x_scalar_out,pointwise,False,likely_yes,"[""CompositeExplicitAutograd""]","[""pointwise""]",Pointwise op likely handled by Inductor's generic pointwise path with Triton on CUDA. Inductor handles pointwise ops generically and uses Triton for GPU codegen. Most pointwise ops are likely covered.
special_hermite_polynomial_h.n_scalar_out,pointwise,False,likely_yes,"[""CompositeExplicitAutograd""]","[""pointwise""]",Pointwise op likely handled by Inductor's generic pointwise path with Triton on CUDA. Inductor handles pointwise ops generically and uses Triton for GPU codegen. Most pointwise ops are likely covered.
special_hermite_polynomial_he,pointwise,False,likely_yes,[],"[""pointwise""]",Pointwise op likely handled by Inductor's generic pointwise path with Triton on CUDA. Inductor handles pointwise ops generically and uses Triton for GPU codegen. Most pointwise ops are likely covered.
special_hermite_polynomial_he.x_scalar,pointwise,False,likely_yes,"[""CompositeExplicitAutograd""]","[""pointwise""]",Pointwise op likely handled by Inductor's generic pointwise path with Triton on CUDA. Inductor handles pointwise ops generically and uses Triton for GPU codegen. Most pointwise ops are likely covered.
special_hermite_polynomial_he.n_scalar,pointwise,False,likely_yes,"[""CompositeExplicitAutograd""]","[""pointwise""]",Pointwise op likely handled by Inductor's generic pointwise path with Triton on CUDA. Inductor handles pointwise ops generically and uses Triton for GPU codegen. Most pointwise ops are likely covered.
special_hermite_polynomial_he.out,pointwise,False,likely_yes,"[""CPU, CUDA, MPS""]","[""pointwise""]",Pointwise op likely handled by Inductor's generic pointwise path with Triton on CUDA. Inductor handles pointwise ops generically and uses Triton for GPU codegen. Most pointwise ops are likely covered.
special_hermite_polynomial_he.x_scalar_out,pointwise,False,likely_yes,"[""CompositeExplicitAutograd""]","[""pointwise""]",Pointwise op likely handled by Inductor's generic pointwise path with Triton on CUDA. Inductor handles pointwise ops generically and uses Triton for GPU codegen. Most pointwise ops are likely covered.
special_hermite_polynomial_he.n_scalar_out,pointwise,False,likely_yes,"[""CompositeExplicitAutograd""]","[""pointwise""]",Pointwise op likely handled by Inductor's generic pointwise path with Triton on CUDA. Inductor handles pointwise ops generically and uses Triton for GPU codegen. Most pointwise ops are likely covered.
special_laguerre_polynomial_l,pointwise,False,likely_yes,[],"[""pointwise""]",Pointwise op likely handled by Inductor's generic pointwise path with Triton on CUDA. Inductor handles pointwise ops generically and uses Triton for GPU codegen. Most pointwise ops are likely covered.
special_laguerre_polynomial_l.x_scalar,pointwise,False,likely_yes,"[""CompositeExplicitAutograd""]","[""pointwise""]",Pointwise op likely handled by Inductor's generic pointwise path with Triton on CUDA. Inductor handles pointwise ops generically and uses Triton for GPU codegen. Most pointwise ops are likely covered.
special_laguerre_polynomial_l.n_scalar,pointwise,False,likely_yes,"[""CompositeExplicitAutograd""]","[""pointwise""]",Pointwise op likely handled by Inductor's generic pointwise path with Triton on CUDA. Inductor handles pointwise ops generically and uses Triton for GPU codegen. Most pointwise ops are likely covered.
special_laguerre_polynomial_l.out,pointwise,False,likely_yes,"[""CPU, CUDA""]","[""pointwise""]",Pointwise op likely handled by Inductor's generic pointwise path with Triton on CUDA. Inductor handles pointwise ops generically and uses Triton for GPU codegen. Most pointwise ops are likely covered.
special_laguerre_polynomial_l.x_scalar_out,pointwise,False,likely_yes,"[""CompositeExplicitAutograd""]","[""pointwise""]",Pointwise op likely handled by Inductor's generic pointwise path with Triton on CUDA. Inductor handles pointwise ops generically and uses Triton for GPU codegen. Most pointwise ops are likely covered.
special_laguerre_polynomial_l.n_scalar_out,pointwise,False,likely_yes,"[""CompositeExplicitAutograd""]","[""pointwise""]",Pointwise op likely handled by Inductor's generic pointwise path with Triton on CUDA. Inductor handles pointwise ops generically and uses Triton for GPU codegen. Most pointwise ops are likely covered.
special_legendre_polynomial_p,pointwise,False,likely_yes,[],"[""pointwise""]",Pointwise op likely handled by Inductor's generic pointwise path with Triton on CUDA. Inductor handles pointwise ops generically and uses Triton for GPU codegen. Most pointwise ops are likely covered.
special_legendre_polynomial_p.x_scalar,pointwise,False,likely_yes,"[""CompositeExplicitAutograd""]","[""pointwise""]",Pointwise op likely handled by Inductor's generic pointwise path with Triton on CUDA. Inductor handles pointwise ops generically and uses Triton for GPU codegen. Most pointwise ops are likely covered.
special_legendre_polynomial_p.n_scalar,pointwise,False,likely_yes,"[""CompositeExplicitAutograd""]","[""pointwise""]",Pointwise op likely handled by Inductor's generic pointwise path with Triton on CUDA. Inductor handles pointwise ops generically and uses Triton for GPU codegen. Most pointwise ops are likely covered.
special_legendre_polynomial_p.out,pointwise,False,likely_yes,"[""CPU, CUDA""]","[""pointwise""]",Pointwise op likely handled by Inductor's generic pointwise path with Triton on CUDA. Inductor handles pointwise ops generically and uses Triton for GPU codegen. Most pointwise ops are likely covered.
special_legendre_polynomial_p.x_scalar_out,pointwise,False,likely_yes,"[""CompositeExplicitAutograd""]","[""pointwise""]",Pointwise op likely handled by Inductor's generic pointwise path with Triton on CUDA. Inductor handles pointwise ops generically and uses Triton for GPU codegen. Most pointwise ops are likely covered.
special_legendre_polynomial_p.n_scalar_out,pointwise,False,likely_yes,"[""CompositeExplicitAutograd""]","[""pointwise""]",Pointwise op likely handled by Inductor's generic pointwise path with Triton on CUDA. Inductor handles pointwise ops generically and uses Triton for GPU codegen. Most pointwise ops are likely covered.
special_modified_bessel_i0,pointwise,False,likely_yes,[],"[""pointwise""]",Pointwise op likely handled by Inductor's generic pointwise path with Triton on CUDA. Inductor handles pointwise ops generically and uses Triton for GPU codegen. Most pointwise ops are likely covered.
special_modified_bessel_i0.out,pointwise,False,likely_yes,"[""CPU, CUDA, MPS""]","[""pointwise""]",Pointwise op likely handled by Inductor's generic pointwise path with Triton on CUDA. Inductor handles pointwise ops generically and uses Triton for GPU codegen. Most pointwise ops are likely covered.
special_modified_bessel_i1,pointwise,False,likely_yes,[],"[""pointwise""]",Pointwise op likely handled by Inductor's generic pointwise path with Triton on CUDA. Inductor handles pointwise ops generically and uses Triton for GPU codegen. Most pointwise ops are likely covered.
special_modified_bessel_i1.out,pointwise,False,likely_yes,"[""CPU, CUDA, MPS""]","[""pointwise""]",Pointwise op likely handled by Inductor's generic pointwise path with Triton on CUDA. Inductor handles pointwise ops generically and uses Triton for GPU codegen. Most pointwise ops are likely covered.
special_modified_bessel_k0,pointwise,False,likely_yes,[],"[""pointwise""]",Pointwise op likely handled by Inductor's generic pointwise path with Triton on CUDA. Inductor handles pointwise ops generically and uses Triton for GPU codegen. Most pointwise ops are likely covered.
special_modified_bessel_k0.out,pointwise,False,likely_yes,"[""CPU, CUDA, MPS""]","[""pointwise""]",Pointwise op likely handled by Inductor's generic pointwise path with Triton on CUDA. Inductor handles pointwise ops generically and uses Triton for GPU codegen. Most pointwise ops are likely covered.
special_modified_bessel_k1,pointwise,False,likely_yes,[],"[""pointwise""]",Pointwise op likely handled by Inductor's generic pointwise path with Triton on CUDA. Inductor handles pointwise ops generically and uses Triton for GPU codegen. Most pointwise ops are likely covered.
special_modified_bessel_k1.out,pointwise,False,likely_yes,"[""CPU, CUDA, MPS""]","[""pointwise""]",Pointwise op likely handled by Inductor's generic pointwise path with Triton on CUDA. Inductor handles pointwise ops generically and uses Triton for GPU codegen. Most pointwise ops are likely covered.
special_scaled_modified_bessel_k0,pointwise,False,likely_yes,[],"[""pointwise""]",Pointwise op likely handled by Inductor's generic pointwise path with Triton on CUDA. Inductor handles pointwise ops generically and uses Triton for GPU codegen. Most pointwise ops are likely covered.
special_scaled_modified_bessel_k0.out,pointwise,False,likely_yes,"[""CPU, CUDA, MPS""]","[""pointwise""]",Pointwise op likely handled by Inductor's generic pointwise path with Triton on CUDA. Inductor handles pointwise ops generically and uses Triton for GPU codegen. Most pointwise ops are likely covered.
special_scaled_modified_bessel_k1,pointwise,False,likely_yes,[],"[""pointwise""]",Pointwise op likely handled by Inductor's generic pointwise path with Triton on CUDA. Inductor handles pointwise ops generically and uses Triton for GPU codegen. Most pointwise ops are likely covered.
special_scaled_modified_bessel_k1.out,pointwise,False,likely_yes,"[""CPU, CUDA, MPS""]","[""pointwise""]",Pointwise op likely handled by Inductor's generic pointwise path with Triton on CUDA. Inductor handles pointwise ops generically and uses Triton for GPU codegen. Most pointwise ops are likely covered.
special_shifted_chebyshev_polynomial_t,pointwise,False,likely_yes,[],"[""pointwise""]",Pointwise op likely handled by Inductor's generic pointwise path with Triton on CUDA. Inductor handles pointwise ops generically and uses Triton for GPU codegen. Most pointwise ops are likely covered.
special_shifted_chebyshev_polynomial_t.x_scalar,pointwise,False,likely_yes,"[""CompositeExplicitAutograd""]","[""pointwise""]",Pointwise op likely handled by Inductor's generic pointwise path with Triton on CUDA. Inductor handles pointwise ops generically and uses Triton for GPU codegen. Most pointwise ops are likely covered.
special_shifted_chebyshev_polynomial_t.n_scalar,pointwise,False,likely_yes,"[""CompositeExplicitAutograd""]","[""pointwise""]",Pointwise op likely handled by Inductor's generic pointwise path with Triton on CUDA. Inductor handles pointwise ops generically and uses Triton for GPU codegen. Most pointwise ops are likely covered.
special_shifted_chebyshev_polynomial_t.out,pointwise,False,likely_yes,"[""CPU, CUDA, MPS""]","[""pointwise""]",Pointwise op likely handled by Inductor's generic pointwise path with Triton on CUDA. Inductor handles pointwise ops generically and uses Triton for GPU codegen. Most pointwise ops are likely covered.
special_shifted_chebyshev_polynomial_t.x_scalar_out,pointwise,False,likely_yes,"[""CompositeExplicitAutograd""]","[""pointwise""]",Pointwise op likely handled by Inductor's generic pointwise path with Triton on CUDA. Inductor handles pointwise ops generically and uses Triton for GPU codegen. Most pointwise ops are likely covered.
special_shifted_chebyshev_polynomial_t.n_scalar_out,pointwise,False,likely_yes,"[""CompositeExplicitAutograd""]","[""pointwise""]",Pointwise op likely handled by Inductor's generic pointwise path with Triton on CUDA. Inductor handles pointwise ops generically and uses Triton for GPU codegen. Most pointwise ops are likely covered.
special_shifted_chebyshev_polynomial_u,pointwise,False,likely_yes,[],"[""pointwise""]",Pointwise op likely handled by Inductor's generic pointwise path with Triton on CUDA. Inductor handles pointwise ops generically and uses Triton for GPU codegen. Most pointwise ops are likely covered.
special_shifted_chebyshev_polynomial_u.x_scalar,pointwise,False,likely_yes,"[""CompositeExplicitAutograd""]","[""pointwise""]",Pointwise op likely handled by Inductor's generic pointwise path with Triton on CUDA. Inductor handles pointwise ops generically and uses Triton for GPU codegen. Most pointwise ops are likely covered.
special_shifted_chebyshev_polynomial_u.n_scalar,pointwise,False,likely_yes,"[""CompositeExplicitAutograd""]","[""pointwise""]",Pointwise op likely handled by Inductor's generic pointwise path with Triton on CUDA. Inductor handles pointwise ops generically and uses Triton for GPU codegen. Most pointwise ops are likely covered.
special_shifted_chebyshev_polynomial_u.out,pointwise,False,likely_yes,"[""CPU, CUDA, MPS""]","[""pointwise""]",Pointwise op likely handled by Inductor's generic pointwise path with Triton on CUDA. Inductor handles pointwise ops generically and uses Triton for GPU codegen. Most pointwise ops are likely covered.
special_shifted_chebyshev_polynomial_u.x_scalar_out,pointwise,False,likely_yes,"[""CompositeExplicitAutograd""]","[""pointwise""]",Pointwise op likely handled by Inductor's generic pointwise path with Triton on CUDA. Inductor handles pointwise ops generically and uses Triton for GPU codegen. Most pointwise ops are likely covered.
special_shifted_chebyshev_polynomial_u.n_scalar_out,pointwise,False,likely_yes,"[""CompositeExplicitAutograd""]","[""pointwise""]",Pointwise op likely handled by Inductor's generic pointwise path with Triton on CUDA. Inductor handles pointwise ops generically and uses Triton for GPU codegen. Most pointwise ops are likely covered.
special_shifted_chebyshev_polynomial_v,pointwise,False,likely_yes,[],"[""pointwise""]",Pointwise op likely handled by Inductor's generic pointwise path with Triton on CUDA. Inductor handles pointwise ops generically and uses Triton for GPU codegen. Most pointwise ops are likely covered.
special_shifted_chebyshev_polynomial_v.x_scalar,pointwise,False,likely_yes,"[""CompositeExplicitAutograd""]","[""pointwise""]",Pointwise op likely handled by Inductor's generic pointwise path with Triton on CUDA. Inductor handles pointwise ops generically and uses Triton for GPU codegen. Most pointwise ops are likely covered.
special_shifted_chebyshev_polynomial_v.n_scalar,pointwise,False,likely_yes,"[""CompositeExplicitAutograd""]","[""pointwise""]",Pointwise op likely handled by Inductor's generic pointwise path with Triton on CUDA. Inductor handles pointwise ops generically and uses Triton for GPU codegen. Most pointwise ops are likely covered.
special_shifted_chebyshev_polynomial_v.out,pointwise,False,likely_yes,"[""CPU, CUDA, MPS""]","[""pointwise""]",Pointwise op likely handled by Inductor's generic pointwise path with Triton on CUDA. Inductor handles pointwise ops generically and uses Triton for GPU codegen. Most pointwise ops are likely covered.
special_shifted_chebyshev_polynomial_v.x_scalar_out,pointwise,False,likely_yes,"[""CompositeExplicitAutograd""]","[""pointwise""]",Pointwise op likely handled by Inductor's generic pointwise path with Triton on CUDA. Inductor handles pointwise ops generically and uses Triton for GPU codegen. Most pointwise ops are likely covered.
special_shifted_chebyshev_polynomial_v.n_scalar_out,pointwise,False,likely_yes,"[""CompositeExplicitAutograd""]","[""pointwise""]",Pointwise op likely handled by Inductor's generic pointwise path with Triton on CUDA. Inductor handles pointwise ops generically and uses Triton for GPU codegen. Most pointwise ops are likely covered.
special_shifted_chebyshev_polynomial_w,pointwise,False,likely_yes,[],"[""pointwise""]",Pointwise op likely handled by Inductor's generic pointwise path with Triton on CUDA. Inductor handles pointwise ops generically and uses Triton for GPU codegen. Most pointwise ops are likely covered.
special_shifted_chebyshev_polynomial_w.x_scalar,pointwise,False,likely_yes,"[""CompositeExplicitAutograd""]","[""pointwise""]",Pointwise op likely handled by Inductor's generic pointwise path with Triton on CUDA. Inductor handles pointwise ops generically and uses Triton for GPU codegen. Most pointwise ops are likely covered.
special_shifted_chebyshev_polynomial_w.n_scalar,pointwise,False,likely_yes,"[""CompositeExplicitAutograd""]","[""pointwise""]",Pointwise op likely handled by Inductor's generic pointwise path with Triton on CUDA. Inductor handles pointwise ops generically and uses Triton for GPU codegen. Most pointwise ops are likely covered.
special_shifted_chebyshev_polynomial_w.out,pointwise,False,likely_yes,"[""CPU, CUDA, MPS""]","[""pointwise""]",Pointwise op likely handled by Inductor's generic pointwise path with Triton on CUDA. Inductor handles pointwise ops generically and uses Triton for GPU codegen. Most pointwise ops are likely covered.
special_shifted_chebyshev_polynomial_w.x_scalar_out,pointwise,False,likely_yes,"[""CompositeExplicitAutograd""]","[""pointwise""]",Pointwise op likely handled by Inductor's generic pointwise path with Triton on CUDA. Inductor handles pointwise ops generically and uses Triton for GPU codegen. Most pointwise ops are likely covered.
special_shifted_chebyshev_polynomial_w.n_scalar_out,pointwise,False,likely_yes,"[""CompositeExplicitAutograd""]","[""pointwise""]",Pointwise op likely handled by Inductor's generic pointwise path with Triton on CUDA. Inductor handles pointwise ops generically and uses Triton for GPU codegen. Most pointwise ops are likely covered.
special_spherical_bessel_j0,pointwise,False,likely_yes,[],"[""pointwise""]",Pointwise op likely handled by Inductor's generic pointwise path with Triton on CUDA. Inductor handles pointwise ops generically and uses Triton for GPU codegen. Most pointwise ops are likely covered.
special_spherical_bessel_j0.out,pointwise,False,likely_yes,"[""CPU, CUDA, MPS""]","[""pointwise""]",Pointwise op likely handled by Inductor's generic pointwise path with Triton on CUDA. Inductor handles pointwise ops generically and uses Triton for GPU codegen. Most pointwise ops are likely covered.
